"url","title","date","X.bauen.wohnen.stadtentwicklung.","prompt","fulltext","X.Hanna.Steinmüller."
"https://www.gruene-bundestag.de/presse/pressestatements/hanna-steinmueller-zum-kabinettsbeschluss-des-wohngeld-und-mietenberichts-2021/2022","Hanna Steinmüller zum Kabinettsbeschluss des Wohngeld- und Mietenberichts 2021/2022","21.06.2023","bauen-wohnen-stadtentwicklung","Zum heutigen Kabinettsbeschluss des Wohngeld- und Mietenberichts 2021/2022 der Bundesregierung erklärt Hanna Steinmüller, Mitglied im Ausschuss für Wohnen, Stadtentwicklung, Bauwesen und Kommunen:","“Der aktuelle Wohngeld- und Mietenbericht belegt schwarz auf weiß, was Mieter*innen jeden Monat spüren: Wohnen wird immer teurer. Allein im letzten Jahr sind die Preise, zu denen Wohnungen angeboten werden, im Durchschnitt um vier Prozent gestiegen. Neubau-Wohnungen kosteten sogar acht Prozent mehr als im Vorjahr. Besonders krass ist aber der Anstieg der warmen Nebenkosten: Diese sind im vergangenen Jahr im Durchschnitt um mehr als 30 Prozent gestiegen! Es ist offensichtlich: die fossile Energiekrise durch den russischen Angriffskrieg gegen die Ukraine schlägt voll auf die Mieter*innen durch. Es ist deshalb gut und wichtig, dass wir durch die Wohngeldnovelle, die Heizkostenzuschüsse und die faire Aufteilung der CO2-Kosten im vergangenen Jahr für einige soziale Entlastungen sorgen konnten. Aber damit Wohnen nicht immer teurer wird, brauchen wir noch mehr: Wir müssen einerseits noch bezahlbare Wohnungen absichern, indem wir schnell das Mietrecht novellieren und das kommunale Vorkaufsrecht wieder nutzbar machen. Andererseits müssen wir endlich die Neue Wohngemeinnützigkeit einführen, damit neue, dauerhaft bezahlbare Wohnungen geschaffen werden können.”","Hanna Steinmüller"
"https://www.gruene-bundestag.de/presse/pressestatements/julia-verlinden-zum-heutigen-kabinettsbeschluss-zum-strassenverkehrsgesetz","Julia Verlinden zum heutigen Kabinettsbeschluss zum Straßenverkehrsgesetz","21.06.2023","kommunen","Zum heutigen Kabinettsbeschluss zum Straßenverkehrsgesetz erklärt Julia Verlinden, Stellvertretende Fraktionsvorsitzende:","„Der heutige Kabinettsbeschluss zur Reform des Straßenverkehrsgesetzes ist ein erster Schritt zu einer Kehrtwende im deutschen Verkehrsrecht. Erstmals werden Ziele des Klima- und Umweltschutzes, der Gesundheit und der städtebaulichen Entwicklung im Gesetz gleichrangig verankert.Besonders für Kinder, Familien und ältere Menschen wird dies die Verkehrssicherheit erhöhen, weil es vor Ort mehr Entscheidungsfreiheit und Handlungsspielraum gibt, beispielsweise Radwege, Zebrastreifen oder Tempo 30 einzurichten. Wir brechen damit erstmals mit dem Prinzip, dass es erst Tote und Schwerverletzte geben muss, bevor Sicherheitsmaßnahmen ergriffen werden können.Die Entscheider*innen vor Ort wissen am besten, wo sich Problemstellen befinden, deshalb ist es wichtig, dass wir ihnen jetzt diese neuen Freiheiten zum Schutz der Menschen einräumen.Wir werden in den parlamentarischen Beratungen darauf achten, die neuen Entscheidungsspielräume noch weiter zu stärken.“","Dr. Julia Verlinden
Stellvertretende Fraktionsvorsitzende"
"https://www.gruene-bundestag.de/presse/pressestatements/julia-verlinden-zum-heutigen-kabinettsbeschluss-zum-strassenverkehrsgesetz","Julia Verlinden zum heutigen Kabinettsbeschluss zum Straßenverkehrsgesetz","21.06.2023","mobilitaet","Zum heutigen Kabinettsbeschluss zum Straßenverkehrsgesetz erklärt Julia Verlinden, Stellvertretende Fraktionsvorsitzende:","„Der heutige Kabinettsbeschluss zur Reform des Straßenverkehrsgesetzes ist ein erster Schritt zu einer Kehrtwende im deutschen Verkehrsrecht. Erstmals werden Ziele des Klima- und Umweltschutzes, der Gesundheit und der städtebaulichen Entwicklung im Gesetz gleichrangig verankert.Besonders für Kinder, Familien und ältere Menschen wird dies die Verkehrssicherheit erhöhen, weil es vor Ort mehr Entscheidungsfreiheit und Handlungsspielraum gibt, beispielsweise Radwege, Zebrastreifen oder Tempo 30 einzurichten. Wir brechen damit erstmals mit dem Prinzip, dass es erst Tote und Schwerverletzte geben muss, bevor Sicherheitsmaßnahmen ergriffen werden können.Die Entscheider*innen vor Ort wissen am besten, wo sich Problemstellen befinden, deshalb ist es wichtig, dass wir ihnen jetzt diese neuen Freiheiten zum Schutz der Menschen einräumen.Wir werden in den parlamentarischen Beratungen darauf achten, die neuen Entscheidungsspielräume noch weiter zu stärken.“","Dr. Julia Verlinden
Stellvertretende Fraktionsvorsitzende"
"https://www.gruene-bundestag.de/presse/pressestatements/britta-hasselmann-zu-den-themen-fachkraefteeinwanderungsgesetz-gebaeudeenergiegesetz-und-sachorientierte-arbeit-im-bundestag","Britta Haßelmann zu den Themen Fachkräfteeinwanderungsgesetz, Gebäudeenergiegesetz und sachorientierte Arbeit im Bundestag","20.06.2023","arbeit","Anlässlich der heutigen Fraktionssitzung der Grünen Bundestagsfraktion nachfolgend Statements der Fraktionsvorsitzenden Britta Haßelmann zu den Themen Fachkräfteeinwanderungsgesetz, Gebäudeenergiegesetz und sachorientierte Arbeit im Bundestag:

Diese parlamentarische Woche ist prall gefüllt mit Initiativen, die wir uns als Ampel vorgenommen haben und in dieser Woche zum Abschluss bringen.

Fachkräfteeinwanderungsgesetz:
Wir alle wissen, dass in Deutschland überall Fachkräfte und Arbeitskräfte fehlen, dass wir dagegen etwas tun müssen. Und deshalb bin ich sehr froh, dass wir es schaffen, mit einem neuen Einwanderungsrecht dieser Entwicklung entgegenzuwirken. Wir schaffen endlich ein Einwanderungsrecht, das Deutschland und die Lebenswirklichkeit der Menschen hier im Land angemessen berücksichtigt. Wir werden etwas tun gegen den Arbeitskräftemangel, gegen den Fachkräftemangel, der allerorten spürbar ist, ob in der Pflege, im Handwerk, in Industrie oder Wirtschaft. Dafür gehen wir mit zwei Gesetzesvorhaben in dieser Woche in den Abschluss der Beratungen.

Bildung und Qualifizierung stärken wir mit einem Gesetz zur Weiterbildung und zur Ausbildungsgarantie. Das ist ein wichtiges Signal, dass wir die Frage des lebenslangen Lernens einerseits und die Qualifizierung während der Berufszeit unterstützen und stärken. Wir verbinden das mit einer Ausbildungsgarantie, denn wir sind der Auffassung, dass jeder junge Mensch die Chance und das Recht auf Ausbildung haben soll.

Und wir sichern mit dem Fachkräfteeinwanderungsgesetz eine neue Möglichkeit, dass Menschen, die zu uns kommen, hier arbeiten und ihren Status, ihren Aufenthalt sichern können.

Mit dem Fachkräfteeinwanderungsgesetz, das wir in zweiter, dritter Lesung in dieser Woche verabschieden, modernisieren wir das Einwanderungsrecht und sehen den Einstieg in den Spurwechsel vor. Wir haben darüber hinaus einen Bürokratieabbau durch die Veränderung beim Zweckwechsel. Und wir ermöglichen den Familienmitzug. Drei Dinge, die sehr wichtig sind für die Entscheidung von Menschen, nach Deutschland zu kommen um hier zu leben und zu arbeiten.

Deshalb freue ich mich, dass es der Ampel gelungen ist, dieses wichtige Projekt in dieser Woche auf den Weg zu bringen.

Gebäudeenergiegesetz:
Ein zweites für uns sehr relevantes Vorhaben: das Gebäudeenergiegesetz. Wir steigen ein in die parlamentarischen Beratungen. In den Anhörungen der Fachausschüsse werden die Berichterstatter*innen gemeinsam mit Fachleuten aus Wissenschaft und Praxis unsere Arbeit hier im Parlament öffentlich beraten. In den nächsten zwei Wochen werden wir mit ihnen über die Fragen des Gebäudeenergiegesetzes diskutieren. Denn wir wissen, die Klimakrise erfordert von uns Einsparungen auch im Bereich der Gebäude. Und deshalb ist das Gebäudeenergiegesetz von so großer Relevanz.

Damit werden Bürgerinnen und Bürger und Industrie und Wirtschaft genau wissen, was auf sie zukommt. Wir werden das Ganze sozial abfedern. Und wir sichern so die Unabhängigkeit von fossilen Energien, damit Bürgerinnen und Bürger, Industrie und Handwerk nicht in eine Kostenfalle geraten für die Zukunft.

Deshalb: Klimaschutz, soziale Abfederung und einen klaren Fahrplan für die Umsetzung des Gebäudeenergiegesetzes diskutieren wir in dieser Woche.

Sachorientierte Arbeit im Bundestag:
Angesichts der vielen Herausforderungen, die wir für die Zukunft haben - ob beim Einwanderungsrecht, bei der Pflegeversicherung, bei der Frage des Gebäudeenergiegesetzes, - ist es besonders wichtig, dass eine sachorientierte Auseinandersetzung stattfindet.

Das heißt, im Zusammenspiel zwischen Regierungsfraktionen und Opposition ist ein Diskurs über wichtige inhaltliche Ideen und Konzepte von großer Relevanz und Notwendigkeit. Was in dieser Debatte keinen Raum haben sollte, ist spaltender Populismus. Und ich glaube, dass die stärkste Oppositionsfraktion im Deutschen Bundestag mit Friedrich Merz an der Spitze sehr gut beraten wäre, sich auf eine sachorientierte Politik zu konzentrieren, statt auf spaltenden Populismus. Wir haben gerade wieder beim Grundsatzkonvent der CDU erlebt, dass man sich mit Fragen von Gender-Sprache – und andere Themen will ich gar nicht ansprechen, weil sie den Respekt vor Menschen vermissen lassen – beschäftigt, anstatt sich mit den wirklich zentralen gesellschaftlichen Auseinandersetzungen und Herausforderungen zu beschäftigen: der Bekämpfung der Klimakrise, der Frage der Energieversorgung der Zukunft, des Ausbaus der erneuerbaren Energien, der Frage der sozialen Sicherung oder aber auch zum Beispiel der Tierhaltungskennzeichnung, um Bauern und Bäuerinnen für die Zukunft Planungssicherheit für ihre landwirtschaftlichen Betriebe zu geben. Bei all diesen Fragen spüre ich, dass es der CDU/CSU im Moment nicht darum geht, sich sachorientiert auseinanderzusetzen und Alternativen zu unseren Ideen vorzutragen, sondern durch die Art und Weise, wie man Dinge bearbeitet und vorträgt, eher spaltet. Das halte ich für ein großes Problem.

Friedrich Merz ist angetreten, die AfD zu halbieren. Wenn man sieht, wie sich die Werte entwickeln, ist klar, dass ihm das nicht gelingt. Und selbstkritisch muss sich hier jede und jeder von uns fragen, was das mit der eigenen Verortung und mit der eigenen Art, Politik zu machen, zu tun hat. Deshalb glaube ich: Wer jedes Maß verliert in der Auseinandersetzung, verliert auch die Mitte. Und deshalb kann ich nur dazu auffordern, konstruktive sachorientierte Arbeit zu machen. Wir setzen uns an jeder Stelle gerne mit inhaltlichen Ideen und Konzepten auseinander. Die lassen leider CDU/CSU vermissen in der inhaltlichen Beratung vieler Gesetzesvorhaben.","","Britta Haßelmann
Fraktionsvorsitzende"
"https://www.gruene-bundestag.de/presse/pressestatements/britta-hasselmann-zu-den-themen-fachkraefteeinwanderungsgesetz-gebaeudeenergiegesetz-und-sachorientierte-arbeit-im-bundestag","Britta Haßelmann zu den Themen Fachkräfteeinwanderungsgesetz, Gebäudeenergiegesetz und sachorientierte Arbeit im Bundestag","20.06.2023","energie","Anlässlich der heutigen Fraktionssitzung der Grünen Bundestagsfraktion nachfolgend Statements der Fraktionsvorsitzenden Britta Haßelmann zu den Themen Fachkräfteeinwanderungsgesetz, Gebäudeenergiegesetz und sachorientierte Arbeit im Bundestag:

Diese parlamentarische Woche ist prall gefüllt mit Initiativen, die wir uns als Ampel vorgenommen haben und in dieser Woche zum Abschluss bringen.

Fachkräfteeinwanderungsgesetz:
Wir alle wissen, dass in Deutschland überall Fachkräfte und Arbeitskräfte fehlen, dass wir dagegen etwas tun müssen. Und deshalb bin ich sehr froh, dass wir es schaffen, mit einem neuen Einwanderungsrecht dieser Entwicklung entgegenzuwirken. Wir schaffen endlich ein Einwanderungsrecht, das Deutschland und die Lebenswirklichkeit der Menschen hier im Land angemessen berücksichtigt. Wir werden etwas tun gegen den Arbeitskräftemangel, gegen den Fachkräftemangel, der allerorten spürbar ist, ob in der Pflege, im Handwerk, in Industrie oder Wirtschaft. Dafür gehen wir mit zwei Gesetzesvorhaben in dieser Woche in den Abschluss der Beratungen.

Bildung und Qualifizierung stärken wir mit einem Gesetz zur Weiterbildung und zur Ausbildungsgarantie. Das ist ein wichtiges Signal, dass wir die Frage des lebenslangen Lernens einerseits und die Qualifizierung während der Berufszeit unterstützen und stärken. Wir verbinden das mit einer Ausbildungsgarantie, denn wir sind der Auffassung, dass jeder junge Mensch die Chance und das Recht auf Ausbildung haben soll.

Und wir sichern mit dem Fachkräfteeinwanderungsgesetz eine neue Möglichkeit, dass Menschen, die zu uns kommen, hier arbeiten und ihren Status, ihren Aufenthalt sichern können.

Mit dem Fachkräfteeinwanderungsgesetz, das wir in zweiter, dritter Lesung in dieser Woche verabschieden, modernisieren wir das Einwanderungsrecht und sehen den Einstieg in den Spurwechsel vor. Wir haben darüber hinaus einen Bürokratieabbau durch die Veränderung beim Zweckwechsel. Und wir ermöglichen den Familienmitzug. Drei Dinge, die sehr wichtig sind für die Entscheidung von Menschen, nach Deutschland zu kommen um hier zu leben und zu arbeiten.

Deshalb freue ich mich, dass es der Ampel gelungen ist, dieses wichtige Projekt in dieser Woche auf den Weg zu bringen.

Gebäudeenergiegesetz:
Ein zweites für uns sehr relevantes Vorhaben: das Gebäudeenergiegesetz. Wir steigen ein in die parlamentarischen Beratungen. In den Anhörungen der Fachausschüsse werden die Berichterstatter*innen gemeinsam mit Fachleuten aus Wissenschaft und Praxis unsere Arbeit hier im Parlament öffentlich beraten. In den nächsten zwei Wochen werden wir mit ihnen über die Fragen des Gebäudeenergiegesetzes diskutieren. Denn wir wissen, die Klimakrise erfordert von uns Einsparungen auch im Bereich der Gebäude. Und deshalb ist das Gebäudeenergiegesetz von so großer Relevanz.

Damit werden Bürgerinnen und Bürger und Industrie und Wirtschaft genau wissen, was auf sie zukommt. Wir werden das Ganze sozial abfedern. Und wir sichern so die Unabhängigkeit von fossilen Energien, damit Bürgerinnen und Bürger, Industrie und Handwerk nicht in eine Kostenfalle geraten für die Zukunft.

Deshalb: Klimaschutz, soziale Abfederung und einen klaren Fahrplan für die Umsetzung des Gebäudeenergiegesetzes diskutieren wir in dieser Woche.

Sachorientierte Arbeit im Bundestag:
Angesichts der vielen Herausforderungen, die wir für die Zukunft haben - ob beim Einwanderungsrecht, bei der Pflegeversicherung, bei der Frage des Gebäudeenergiegesetzes, - ist es besonders wichtig, dass eine sachorientierte Auseinandersetzung stattfindet.

Das heißt, im Zusammenspiel zwischen Regierungsfraktionen und Opposition ist ein Diskurs über wichtige inhaltliche Ideen und Konzepte von großer Relevanz und Notwendigkeit. Was in dieser Debatte keinen Raum haben sollte, ist spaltender Populismus. Und ich glaube, dass die stärkste Oppositionsfraktion im Deutschen Bundestag mit Friedrich Merz an der Spitze sehr gut beraten wäre, sich auf eine sachorientierte Politik zu konzentrieren, statt auf spaltenden Populismus. Wir haben gerade wieder beim Grundsatzkonvent der CDU erlebt, dass man sich mit Fragen von Gender-Sprache – und andere Themen will ich gar nicht ansprechen, weil sie den Respekt vor Menschen vermissen lassen – beschäftigt, anstatt sich mit den wirklich zentralen gesellschaftlichen Auseinandersetzungen und Herausforderungen zu beschäftigen: der Bekämpfung der Klimakrise, der Frage der Energieversorgung der Zukunft, des Ausbaus der erneuerbaren Energien, der Frage der sozialen Sicherung oder aber auch zum Beispiel der Tierhaltungskennzeichnung, um Bauern und Bäuerinnen für die Zukunft Planungssicherheit für ihre landwirtschaftlichen Betriebe zu geben. Bei all diesen Fragen spüre ich, dass es der CDU/CSU im Moment nicht darum geht, sich sachorientiert auseinanderzusetzen und Alternativen zu unseren Ideen vorzutragen, sondern durch die Art und Weise, wie man Dinge bearbeitet und vorträgt, eher spaltet. Das halte ich für ein großes Problem.

Friedrich Merz ist angetreten, die AfD zu halbieren. Wenn man sieht, wie sich die Werte entwickeln, ist klar, dass ihm das nicht gelingt. Und selbstkritisch muss sich hier jede und jeder von uns fragen, was das mit der eigenen Verortung und mit der eigenen Art, Politik zu machen, zu tun hat. Deshalb glaube ich: Wer jedes Maß verliert in der Auseinandersetzung, verliert auch die Mitte. Und deshalb kann ich nur dazu auffordern, konstruktive sachorientierte Arbeit zu machen. Wir setzen uns an jeder Stelle gerne mit inhaltlichen Ideen und Konzepten auseinander. Die lassen leider CDU/CSU vermissen in der inhaltlichen Beratung vieler Gesetzesvorhaben.","","Britta Haßelmann
Fraktionsvorsitzende"
"https://www.gruene-bundestag.de/presse/pressestatements/britta-hasselmann-zu-den-themen-fachkraefteeinwanderungsgesetz-gebaeudeenergiegesetz-und-sachorientierte-arbeit-im-bundestag","Britta Haßelmann zu den Themen Fachkräfteeinwanderungsgesetz, Gebäudeenergiegesetz und sachorientierte Arbeit im Bundestag","20.06.2023","integration-migration-flucht","Anlässlich der heutigen Fraktionssitzung der Grünen Bundestagsfraktion nachfolgend Statements der Fraktionsvorsitzenden Britta Haßelmann zu den Themen Fachkräfteeinwanderungsgesetz, Gebäudeenergiegesetz und sachorientierte Arbeit im Bundestag:

Diese parlamentarische Woche ist prall gefüllt mit Initiativen, die wir uns als Ampel vorgenommen haben und in dieser Woche zum Abschluss bringen.

Fachkräfteeinwanderungsgesetz:
Wir alle wissen, dass in Deutschland überall Fachkräfte und Arbeitskräfte fehlen, dass wir dagegen etwas tun müssen. Und deshalb bin ich sehr froh, dass wir es schaffen, mit einem neuen Einwanderungsrecht dieser Entwicklung entgegenzuwirken. Wir schaffen endlich ein Einwanderungsrecht, das Deutschland und die Lebenswirklichkeit der Menschen hier im Land angemessen berücksichtigt. Wir werden etwas tun gegen den Arbeitskräftemangel, gegen den Fachkräftemangel, der allerorten spürbar ist, ob in der Pflege, im Handwerk, in Industrie oder Wirtschaft. Dafür gehen wir mit zwei Gesetzesvorhaben in dieser Woche in den Abschluss der Beratungen.

Bildung und Qualifizierung stärken wir mit einem Gesetz zur Weiterbildung und zur Ausbildungsgarantie. Das ist ein wichtiges Signal, dass wir die Frage des lebenslangen Lernens einerseits und die Qualifizierung während der Berufszeit unterstützen und stärken. Wir verbinden das mit einer Ausbildungsgarantie, denn wir sind der Auffassung, dass jeder junge Mensch die Chance und das Recht auf Ausbildung haben soll.

Und wir sichern mit dem Fachkräfteeinwanderungsgesetz eine neue Möglichkeit, dass Menschen, die zu uns kommen, hier arbeiten und ihren Status, ihren Aufenthalt sichern können.

Mit dem Fachkräfteeinwanderungsgesetz, das wir in zweiter, dritter Lesung in dieser Woche verabschieden, modernisieren wir das Einwanderungsrecht und sehen den Einstieg in den Spurwechsel vor. Wir haben darüber hinaus einen Bürokratieabbau durch die Veränderung beim Zweckwechsel. Und wir ermöglichen den Familienmitzug. Drei Dinge, die sehr wichtig sind für die Entscheidung von Menschen, nach Deutschland zu kommen um hier zu leben und zu arbeiten.

Deshalb freue ich mich, dass es der Ampel gelungen ist, dieses wichtige Projekt in dieser Woche auf den Weg zu bringen.

Gebäudeenergiegesetz:
Ein zweites für uns sehr relevantes Vorhaben: das Gebäudeenergiegesetz. Wir steigen ein in die parlamentarischen Beratungen. In den Anhörungen der Fachausschüsse werden die Berichterstatter*innen gemeinsam mit Fachleuten aus Wissenschaft und Praxis unsere Arbeit hier im Parlament öffentlich beraten. In den nächsten zwei Wochen werden wir mit ihnen über die Fragen des Gebäudeenergiegesetzes diskutieren. Denn wir wissen, die Klimakrise erfordert von uns Einsparungen auch im Bereich der Gebäude. Und deshalb ist das Gebäudeenergiegesetz von so großer Relevanz.

Damit werden Bürgerinnen und Bürger und Industrie und Wirtschaft genau wissen, was auf sie zukommt. Wir werden das Ganze sozial abfedern. Und wir sichern so die Unabhängigkeit von fossilen Energien, damit Bürgerinnen und Bürger, Industrie und Handwerk nicht in eine Kostenfalle geraten für die Zukunft.

Deshalb: Klimaschutz, soziale Abfederung und einen klaren Fahrplan für die Umsetzung des Gebäudeenergiegesetzes diskutieren wir in dieser Woche.

Sachorientierte Arbeit im Bundestag:
Angesichts der vielen Herausforderungen, die wir für die Zukunft haben - ob beim Einwanderungsrecht, bei der Pflegeversicherung, bei der Frage des Gebäudeenergiegesetzes, - ist es besonders wichtig, dass eine sachorientierte Auseinandersetzung stattfindet.

Das heißt, im Zusammenspiel zwischen Regierungsfraktionen und Opposition ist ein Diskurs über wichtige inhaltliche Ideen und Konzepte von großer Relevanz und Notwendigkeit. Was in dieser Debatte keinen Raum haben sollte, ist spaltender Populismus. Und ich glaube, dass die stärkste Oppositionsfraktion im Deutschen Bundestag mit Friedrich Merz an der Spitze sehr gut beraten wäre, sich auf eine sachorientierte Politik zu konzentrieren, statt auf spaltenden Populismus. Wir haben gerade wieder beim Grundsatzkonvent der CDU erlebt, dass man sich mit Fragen von Gender-Sprache – und andere Themen will ich gar nicht ansprechen, weil sie den Respekt vor Menschen vermissen lassen – beschäftigt, anstatt sich mit den wirklich zentralen gesellschaftlichen Auseinandersetzungen und Herausforderungen zu beschäftigen: der Bekämpfung der Klimakrise, der Frage der Energieversorgung der Zukunft, des Ausbaus der erneuerbaren Energien, der Frage der sozialen Sicherung oder aber auch zum Beispiel der Tierhaltungskennzeichnung, um Bauern und Bäuerinnen für die Zukunft Planungssicherheit für ihre landwirtschaftlichen Betriebe zu geben. Bei all diesen Fragen spüre ich, dass es der CDU/CSU im Moment nicht darum geht, sich sachorientiert auseinanderzusetzen und Alternativen zu unseren Ideen vorzutragen, sondern durch die Art und Weise, wie man Dinge bearbeitet und vorträgt, eher spaltet. Das halte ich für ein großes Problem.

Friedrich Merz ist angetreten, die AfD zu halbieren. Wenn man sieht, wie sich die Werte entwickeln, ist klar, dass ihm das nicht gelingt. Und selbstkritisch muss sich hier jede und jeder von uns fragen, was das mit der eigenen Verortung und mit der eigenen Art, Politik zu machen, zu tun hat. Deshalb glaube ich: Wer jedes Maß verliert in der Auseinandersetzung, verliert auch die Mitte. Und deshalb kann ich nur dazu auffordern, konstruktive sachorientierte Arbeit zu machen. Wir setzen uns an jeder Stelle gerne mit inhaltlichen Ideen und Konzepten auseinander. Die lassen leider CDU/CSU vermissen in der inhaltlichen Beratung vieler Gesetzesvorhaben.","","Britta Haßelmann
Fraktionsvorsitzende"
"https://www.gruene-bundestag.de/presse/pressestatements/renate-kuenast-zum-rechtsgutachten-zur-werbung-fuer-ungesunde-lebensmittel","Renate Künast zum Rechtsgutachten zur Werbung für ungesunde Lebensmittel","16.06.2023","ernaehrung","Zum von Foodwatch beauftragten Rechtsgutachten zur Werbung für ungesunde Lebensmittel erklärt Renate Künast, Sprecherin für Ernährung und Landwirtschaft:","\"Mit der Kinderrechtskonvention haben wir uns verpflichtet, die Gesundheit von Kindern zu schützen, auch vor zu viel Zucker, Fett und Salz.Kinderwerbung ist ein süßer Verführer, der nachweislich dazu führt, dass Kinder mehr Zuckerbomben, Snacks und Junkfood konsumieren. Das führt zu Übergewicht und anderen ernährungsbedingten Krankheiten. Deshalb müssen wir dringend Werbung für ungesunde Lebensmittel regulieren, um unsere Kinder zu schützen. Wir stellen uns der Aufgabe, dass Kinder gesund aufwachsen können und es für die Lebensmittel- und Werbeindustrie handhabbare Regeln gibt. Das wird auch die von der Industrie lange versprochene Änderung der Rezepturen unterstützen.Deshalb freuen wir uns darüber, dass Teile der Lebensmittelindustrie und des Handels die geplante Werberegulierung unterstützen!Es ist gut, dass das von Foodwatch in Auftrag gegebene Rechtsgutachten die Zuständigkeit des Bundes bei den anstehenden Regulierungen noch einmal klarstellt.\"","Renate Künast
Leiterin der AG Ernährung und Landwirtschaft (Sprecherin)"
"https://www.gruene-bundestag.de/presse/pressestatements/renate-kuenast-zum-rechtsgutachten-zur-werbung-fuer-ungesunde-lebensmittel","Renate Künast zum Rechtsgutachten zur Werbung für ungesunde Lebensmittel","16.06.2023","jugend","Zum von Foodwatch beauftragten Rechtsgutachten zur Werbung für ungesunde Lebensmittel erklärt Renate Künast, Sprecherin für Ernährung und Landwirtschaft:","\"Mit der Kinderrechtskonvention haben wir uns verpflichtet, die Gesundheit von Kindern zu schützen, auch vor zu viel Zucker, Fett und Salz.Kinderwerbung ist ein süßer Verführer, der nachweislich dazu führt, dass Kinder mehr Zuckerbomben, Snacks und Junkfood konsumieren. Das führt zu Übergewicht und anderen ernährungsbedingten Krankheiten. Deshalb müssen wir dringend Werbung für ungesunde Lebensmittel regulieren, um unsere Kinder zu schützen. Wir stellen uns der Aufgabe, dass Kinder gesund aufwachsen können und es für die Lebensmittel- und Werbeindustrie handhabbare Regeln gibt. Das wird auch die von der Industrie lange versprochene Änderung der Rezepturen unterstützen.Deshalb freuen wir uns darüber, dass Teile der Lebensmittelindustrie und des Handels die geplante Werberegulierung unterstützen!Es ist gut, dass das von Foodwatch in Auftrag gegebene Rechtsgutachten die Zuständigkeit des Bundes bei den anstehenden Regulierungen noch einmal klarstellt.\"","Renate Künast
Leiterin der AG Ernährung und Landwirtschaft (Sprecherin)"
"https://www.gruene-bundestag.de/presse/pressestatements/stefan-gelbhaar-zum-kabinettsbeschluss-zur-novellierung-der-lkw-maut","Stefan Gelbhaar zum Kabinettsbeschluss zur Novellierung der Lkw-Maut","14.06.2023","mobilitaet","Zum Kabinettsbeschluss zur Novellierung der Lkw-Maut erklärt Stefan Gelbhaar, Sprecher für Verkehrspolitik:","„Die Novellierung der Lkw-Maut bringt endlich eine ökologische Lenkungswirkung. Das ist ein guter Tag für den Klimaschutz. So wird der CO2-Preis auf 200 Euro pro Tonne verdoppelt und der Geltungsbereich der Maut auf Lkw ab 3,5 Tonnen ausgeweitet. Dadurch werden rund 7,4 Milliarden Euro zusätzlich im nächsten Jahr eingenommen. Der Grundsatz ,Straße finanziert Straße‘ wird endlich durchbrochen. Die Einnahmen gehen in den Ausbau der Schieneninfrastruktur. Das ist das fundamental Neue an diesem Gesetz. Dies muss nun in die schnelle Elektrifizierung, Digitalisierung und Ausbau der Schienen-Infrastruktur fließen. Die Straßengüterbranche erhält zudem endlich die notwendige Planungssicherheit. Investitionen in klimafreundlichere Transportvarianten und -antriebe können damit auf klarer Grundlage getätigt werden, Transportverträge entsprechend der rechtlichen Rahmenbedingungen geschlossen werden.“","Stefan Gelbhaar
Leiter der AG Mobilität (Sprecher)"
"https://www.gruene-bundestag.de/presse/pressestatements/katharina-droege-zu-den-verhandlungen-um-das-gebaeudeenergiegesetz","Katharina Dröge zu den Verhandlungen um das Gebäudeenergiegesetz","13.06.2023","energie","
Anlässlich der heutigen Fraktionssitzung der Grünen Bundestagsfraktion nachfolgend Statements der Fraktionsvorsitzenden Katharina Dröge zu den Verhandlungen um das Gebäudeenergiegesetz:","Noch ist das Kind nicht auf der Welt. Das heißt, noch hat sich die Ampel nicht verständigen können auf eine Einigung zum Gebäudeenergiegesetz. Aber unser Ziel ist es, weiterhin zu sprechen, um auch in dieser Woche noch zu einer Aufsetzung zu kommen. Aus unserer Sicht als Grüne ist das auch enorm wichtig, dass wir diesen Schritt jetzt machen. Die Menschen warten lange genug auf eine Entscheidung der Ampel. Wir haben lange genug öffentlich miteinander diskutiert. Das heißt, das parlamentarische Beratungsverfahren muss beginnen. Das heißt auch, dass alle Partner Schritte aufeinander zu machen müssen. Für uns Grüne ist zentral in dieser Frage, dass wir auf der einen Seite Klimaschutz erreichen. Das heißt, jeder, der sich für eine neue Heizung entscheidet, aus welchem Grund auch immer, soll sich für eine klimafreundliche Heizung entscheiden. Und auf der anderen Seite, dass das Gesetz so sozial ausgestaltet ist, dass jede und jeder auch mitmachen kann bei diesem Gesetz.Ich bin sehr optimistisch, dass wir da auch zur Verständigung kommen. Manchmal sind es weite Wege in einer Koalition. Und diese Schritte müssen wir offensichtlich noch machen. Ich hätte Ihnen gerne jetzt schon verkündet, dass wir das Ganze auf die Tagesordnung des Deutschen Bundestages aufgesetzt hätten. Das ist mit Sicherheit nicht das gewöhnlichste Beratungsverfahren, was wir an der Stelle präsentieren können. Deswegen wäre es jetzt auch aus meiner Sicht ein wichtiges Zeichen für die Handlungsfähigkeit der Ampel, wenn wir zeitnah dazu kommen, dieses Gesetz auch aufzusetzen.","Katharina Dröge
Fraktionsvorsitzende"
"https://www.gruene-bundestag.de/presse/pressestatements/katharina-droege-zu-den-verhandlungen-um-das-gebaeudeenergiegesetz","Katharina Dröge zu den Verhandlungen um das Gebäudeenergiegesetz","13.06.2023","wirtschaft","
Anlässlich der heutigen Fraktionssitzung der Grünen Bundestagsfraktion nachfolgend Statements der Fraktionsvorsitzenden Katharina Dröge zu den Verhandlungen um das Gebäudeenergiegesetz:","Noch ist das Kind nicht auf der Welt. Das heißt, noch hat sich die Ampel nicht verständigen können auf eine Einigung zum Gebäudeenergiegesetz. Aber unser Ziel ist es, weiterhin zu sprechen, um auch in dieser Woche noch zu einer Aufsetzung zu kommen. Aus unserer Sicht als Grüne ist das auch enorm wichtig, dass wir diesen Schritt jetzt machen. Die Menschen warten lange genug auf eine Entscheidung der Ampel. Wir haben lange genug öffentlich miteinander diskutiert. Das heißt, das parlamentarische Beratungsverfahren muss beginnen. Das heißt auch, dass alle Partner Schritte aufeinander zu machen müssen. Für uns Grüne ist zentral in dieser Frage, dass wir auf der einen Seite Klimaschutz erreichen. Das heißt, jeder, der sich für eine neue Heizung entscheidet, aus welchem Grund auch immer, soll sich für eine klimafreundliche Heizung entscheiden. Und auf der anderen Seite, dass das Gesetz so sozial ausgestaltet ist, dass jede und jeder auch mitmachen kann bei diesem Gesetz.Ich bin sehr optimistisch, dass wir da auch zur Verständigung kommen. Manchmal sind es weite Wege in einer Koalition. Und diese Schritte müssen wir offensichtlich noch machen. Ich hätte Ihnen gerne jetzt schon verkündet, dass wir das Ganze auf die Tagesordnung des Deutschen Bundestages aufgesetzt hätten. Das ist mit Sicherheit nicht das gewöhnlichste Beratungsverfahren, was wir an der Stelle präsentieren können. Deswegen wäre es jetzt auch aus meiner Sicht ein wichtiges Zeichen für die Handlungsfähigkeit der Ampel, wenn wir zeitnah dazu kommen, dieses Gesetz auch aufzusetzen.","Katharina Dröge
Fraktionsvorsitzende"
"https://www.gruene-bundestag.de/presse/pressestatements/maria-klein-schmeink-zur-ankuendigung-hoeherer-beitragssaetze-in-der-gesetzlichen-krankenversicherung","Maria Klein-Schmeink zur Ankündigung höherer Beitragssätze in der Gesetzlichen Krankenversicherung","13.06.2023","gesundheit","Zur Ankündigung höherer Beitragssätze in der Gesetzlichen Krankenversicherung durch Gesundheitsminister Lauterbach erklärt Maria Klein-Schmeink, Stellvertretende Fraktionsvorsitzende:","„In Zeiten zunehmender gesellschaftlicher Verunsicherung und Polarisierung hat eine verlässliche gesetzliche Krankenversicherung eine zentrale Bedeutung für den gesellschaftlichen Zusammenhalt. Einschränkungen des Leistungskatalogs der gesetzlichen Krankenversicherung wären weiteres Gift für den sozialen Frieden im Land und sind mit uns nicht zu machen. Die Lage der gesetzlichen Krankenversicherung ist schwierig. Die Ausgaben steigen insbesondere durch den medizinisch-technischen Fortschritt aber auch teure Gesetze der Vorgängerregierung. Zugleich wird der Bundeszuschuss an die gesetzliche Krankenversicherung nach dem Willen von Bundesfinanzminister Lindner gekürzt. Vor diesem Hintergrund muss alles getan werden, um die finanzielle Situation der gesetzlichen Krankenversicherung zu stabilisieren. Wir drängen dabei auf eine faire Lastenteilung. Denn gerade Versicherte mit geringen Einkommen haben weniger finanzielle Spielräume. Sie werden durch höhere Beitragssätze stärker getroffen. Deshalb befürworten wir eine Anhebung der Beitragsbemessungsgrenze. So tragen Menschen mit finanziell starken Schultern stärker zur Finanzierung bei als Menschen, die nur über geringe Einkommen verfügen.“","Maria Klein-Schmeink
Stellvertretende Fraktionsvorsitzende"
"https://www.gruene-bundestag.de/presse/pressestatements/bernhard-hermann-und-karoline-otte-zu-kuerzungsplaenen-fuer-die-gemeinschaftsaufgabe-verbesserung-der-regionalen-wirtschaftsstruktur-grw","Bernhard Hermann und Karoline Otte zu Kürzungsplänen für die „Gemeinschaftsaufgabe Verbesserung der Regionalen Wirtschaftsstruktur\" (GRW)","09.06.2023","kommunen","Zu den Kürzungsplänen für die „Gemeinschaftsaufgabe Verbesserung der Regionalen Wirtschaftsstruktur\" (GRW) erklären Bernhard Herrmann, Stellvertretendes Mitglied im Wirtschaftsausschuss, und Karoline Otte, Mitglied im Ausschuss für Wohnen, Stadtentwicklung, Bauwesen und Kommunen:","Bernhard Herrmann: „Aus ostdeutscher Perspektive ist schockierend, dass der Finanzminister die GRW-Mittel so drastisch kürzen möchte. Alle ostdeutschen Kommunen sind Teil des GRW-Fördergebiets. Die GRW ist gerade für strukturschwache Regionen ein enorm bedeutendes Förderprogramm. Sie hat seit der Wiedervereinigung den Strukturwandel in Ostdeutschland unterstützt, indem sie unzählige Unternehmen gefördert und den Aufbau kommunaler Infrastruktur mitfinanziert hat. Der Haushaltsstreit darf nicht auf dem Rücken der Regionen ausgetragen werden, die Unterstützung am nötigsten haben. Ihnen die Unterstützung zu kürzen, wird bestehende Probleme nur weiter verschärfen.\"Karoline Otte: „Die GRW ist ein zentrales bundespolitisches Instrument, um den verfassungsmäßigen Grundsatz der Gleichwertigen Lebensverhältnisse zu fördern. Es ist ein Instrument, das nicht nach dem Gießkannenprinzip funktioniert, sondern dort fördert, wo der Bedarf am größten ist. Im letzten Jahr haben wir das Förderprogramm zukunftsfähig gemacht: Die Transformation für klimaschützende Unternehmen wird nun gezielt gefördert, individuelle Weiterbildung und betriebliche Vernetzung werden klarer in den Blick genommen und die Ausgestaltung der regionalen Daseinsvorsorge ist förderfähig. Wenn eine Region Kitas, Wohnungen oder Buslinien fördern möchte, um die Attraktivität zu steigern, ist dies nun möglich. Vor diesem Hintergrund wäre die Kürzung der Mittel unverständlich und würde dazu führen, dass zukünftige Bemühungen der Kommunen um mehr Lebensqualität im Keim erstickt werden. Für Menschen vor Ort steigert dies den Frust über die Bundespolitik.\"","Bernhard Herrmann"
"https://www.gruene-bundestag.de/presse/pressestatements/bernhard-hermann-und-karoline-otte-zu-kuerzungsplaenen-fuer-die-gemeinschaftsaufgabe-verbesserung-der-regionalen-wirtschaftsstruktur-grw","Bernhard Hermann und Karoline Otte zu Kürzungsplänen für die „Gemeinschaftsaufgabe Verbesserung der Regionalen Wirtschaftsstruktur\" (GRW)","09.06.2023","wirtschaft","Zu den Kürzungsplänen für die „Gemeinschaftsaufgabe Verbesserung der Regionalen Wirtschaftsstruktur\" (GRW) erklären Bernhard Herrmann, Stellvertretendes Mitglied im Wirtschaftsausschuss, und Karoline Otte, Mitglied im Ausschuss für Wohnen, Stadtentwicklung, Bauwesen und Kommunen:","Bernhard Herrmann: „Aus ostdeutscher Perspektive ist schockierend, dass der Finanzminister die GRW-Mittel so drastisch kürzen möchte. Alle ostdeutschen Kommunen sind Teil des GRW-Fördergebiets. Die GRW ist gerade für strukturschwache Regionen ein enorm bedeutendes Förderprogramm. Sie hat seit der Wiedervereinigung den Strukturwandel in Ostdeutschland unterstützt, indem sie unzählige Unternehmen gefördert und den Aufbau kommunaler Infrastruktur mitfinanziert hat. Der Haushaltsstreit darf nicht auf dem Rücken der Regionen ausgetragen werden, die Unterstützung am nötigsten haben. Ihnen die Unterstützung zu kürzen, wird bestehende Probleme nur weiter verschärfen.\"Karoline Otte: „Die GRW ist ein zentrales bundespolitisches Instrument, um den verfassungsmäßigen Grundsatz der Gleichwertigen Lebensverhältnisse zu fördern. Es ist ein Instrument, das nicht nach dem Gießkannenprinzip funktioniert, sondern dort fördert, wo der Bedarf am größten ist. Im letzten Jahr haben wir das Förderprogramm zukunftsfähig gemacht: Die Transformation für klimaschützende Unternehmen wird nun gezielt gefördert, individuelle Weiterbildung und betriebliche Vernetzung werden klarer in den Blick genommen und die Ausgestaltung der regionalen Daseinsvorsorge ist förderfähig. Wenn eine Region Kitas, Wohnungen oder Buslinien fördern möchte, um die Attraktivität zu steigern, ist dies nun möglich. Vor diesem Hintergrund wäre die Kürzung der Mittel unverständlich und würde dazu führen, dass zukünftige Bemühungen der Kommunen um mehr Lebensqualität im Keim erstickt werden. Für Menschen vor Ort steigert dies den Frust über die Bundespolitik.\"","Karoline Otte"
"https://www.gruene-bundestag.de/presse/pressestatements/bruno-hoenel-zum-kabinettsbeschluss-ueber-eine-novelle-des-lobbyregistergesetzes","Bruno Hönel zum Kabinettsbeschluss über eine Novelle des Lobbyregistergesetzes","07.06.2023","demokratie","Zum Beschluss des Kabinetts über eine Novelle des Lobbyregistergesetzes erklärt Bruno Hönel, stellv. Mitglied im Ausschuss für Wahlprüfung, Immunität und Geschäftsordnung:","„Wir freuen uns, dass das Kabinett heute den Vorschlägen aus der Mitte des Parlaments heraus gefolgt ist und eine Formulierungshilfe zur Novelle des Lobbyregistergesetzes beschlossen hat. Die vorliegende Formulierungshilfe wurde in enger Zusammenarbeit von BMI und den Koalitionsfraktionen erstellt.Seit Jahren setzen wir Grüne uns für mehr Transparenz in der Politik und ein Lobbyregister ein, das seinen Namen verdient, denn die Nachvollziehbarkeit politischer Entscheidungen ist essentiell für unsere Demokratie. Wir haben dafür gekämpft, dass das bestehende Lobbyregister nun an entscheidenden Stellen nachgeschärft wird.Mit fast 6000 Einträgen und über 32.000 zur Interessenvertretung berechtigten Personen hat das Lobbyregister zur Sichtbarkeit der Strukturen der Interessenvertretung signifikant beigetragen. Da die aktuelle gesetzliche Fassung allerdings große Lücken und Novellierungsbedarf offenbart, haben wir uns als Ampelkoalition eine grundlegende Änderung vorgenommen.Noch im Juni steigen wir ins parlamentarische Verfahren ein, damit auch die zuständigen Ausschüsse zum Vorhaben Stellung nehmen können. In einer öffentlichen Anhörung erhoffen wir uns einen lebendigen Austausch mit Zivilgesellschaft, Sachverständigen und Interessenvertretungen.“","Bruno Hönel"
"https://www.gruene-bundestag.de/presse/pressestatements/wolfgang-strengmann-kuhn-zur-abstimmung-im-europaeischen-parlament-zum-eu-lieferkettengesetz","Wolfgang Strengmann-Kuhn zur Abstimmung im Europäischen Parlament zum EU-Lieferkettengesetz","26.05.2023","arbeit","Zur Abstimmung im Europäischen Parlament zum EU-Lieferkettengesetz erklärt Wolfgang Strengmann-Kuhn, Obmann im Ausschuss für Arbeit und Soziales:
 ","„Wir begrüßen die Entscheidung des Europarlaments zur Lieferkettenrichtlinie. Damit ist ein wichtiger Schritt hin zu einer europäischen Regelung für eine Verbesserung der Menschenrechtslage und für menschenwürdige Arbeit entlang der weltweiten Lieferketten geschafft. Jetzt ist wichtig, dass die Verhandlungen mit den Mitgliedstaaten zügig abgeschlossenen werden. Eine gemeinsame europäische Lösung sorgt für gleiche Wettbewerbsregeln in der EU. Davon profitieren die Unternehmen, die schon heute in ihren Lieferketten auf Menschenrechte, Umweltstandards und gute Arbeitsbedingungen achten.“","Dr. Wolfgang Strengmann-Kuhn"
"https://www.gruene-bundestag.de/presse/pressestatements/wolfgang-strengmann-kuhn-zur-abstimmung-im-europaeischen-parlament-zum-eu-lieferkettengesetz","Wolfgang Strengmann-Kuhn zur Abstimmung im Europäischen Parlament zum EU-Lieferkettengesetz","26.05.2023","europa","Zur Abstimmung im Europäischen Parlament zum EU-Lieferkettengesetz erklärt Wolfgang Strengmann-Kuhn, Obmann im Ausschuss für Arbeit und Soziales:
 ","„Wir begrüßen die Entscheidung des Europarlaments zur Lieferkettenrichtlinie. Damit ist ein wichtiger Schritt hin zu einer europäischen Regelung für eine Verbesserung der Menschenrechtslage und für menschenwürdige Arbeit entlang der weltweiten Lieferketten geschafft. Jetzt ist wichtig, dass die Verhandlungen mit den Mitgliedstaaten zügig abgeschlossenen werden. Eine gemeinsame europäische Lösung sorgt für gleiche Wettbewerbsregeln in der EU. Davon profitieren die Unternehmen, die schon heute in ihren Lieferketten auf Menschenrechte, Umweltstandards und gute Arbeitsbedingungen achten.“","Dr. Wolfgang Strengmann-Kuhn"
"https://www.gruene-bundestag.de/presse/pressestatements/wolfgang-strengmann-kuhn-zur-abstimmung-im-europaeischen-parlament-zum-eu-lieferkettengesetz","Wolfgang Strengmann-Kuhn zur Abstimmung im Europäischen Parlament zum EU-Lieferkettengesetz","26.05.2023","menschenrechte","Zur Abstimmung im Europäischen Parlament zum EU-Lieferkettengesetz erklärt Wolfgang Strengmann-Kuhn, Obmann im Ausschuss für Arbeit und Soziales:
 ","„Wir begrüßen die Entscheidung des Europarlaments zur Lieferkettenrichtlinie. Damit ist ein wichtiger Schritt hin zu einer europäischen Regelung für eine Verbesserung der Menschenrechtslage und für menschenwürdige Arbeit entlang der weltweiten Lieferketten geschafft. Jetzt ist wichtig, dass die Verhandlungen mit den Mitgliedstaaten zügig abgeschlossenen werden. Eine gemeinsame europäische Lösung sorgt für gleiche Wettbewerbsregeln in der EU. Davon profitieren die Unternehmen, die schon heute in ihren Lieferketten auf Menschenrechte, Umweltstandards und gute Arbeitsbedingungen achten.“","Dr. Wolfgang Strengmann-Kuhn"
"https://www.gruene-bundestag.de/presse/pressestatements/wolfgang-strengmann-kuhn-zur-abstimmung-im-europaeischen-parlament-zum-eu-lieferkettengesetz","Wolfgang Strengmann-Kuhn zur Abstimmung im Europäischen Parlament zum EU-Lieferkettengesetz","26.05.2023","wirtschaft","Zur Abstimmung im Europäischen Parlament zum EU-Lieferkettengesetz erklärt Wolfgang Strengmann-Kuhn, Obmann im Ausschuss für Arbeit und Soziales:
 ","„Wir begrüßen die Entscheidung des Europarlaments zur Lieferkettenrichtlinie. Damit ist ein wichtiger Schritt hin zu einer europäischen Regelung für eine Verbesserung der Menschenrechtslage und für menschenwürdige Arbeit entlang der weltweiten Lieferketten geschafft. Jetzt ist wichtig, dass die Verhandlungen mit den Mitgliedstaaten zügig abgeschlossenen werden. Eine gemeinsame europäische Lösung sorgt für gleiche Wettbewerbsregeln in der EU. Davon profitieren die Unternehmen, die schon heute in ihren Lieferketten auf Menschenrechte, Umweltstandards und gute Arbeitsbedingungen achten.“","Dr. Wolfgang Strengmann-Kuhn"
"https://www.gruene-bundestag.de/presse/pressestatements/ulle-schauws-zur-finanziellen-staerkung-von-frauenhaeusern","Ulle Schauws zur finanziellen Stärkung von Frauenhäusern","24.05.2023","frauen","Zur finanziellen Stärkung von Frauenhäusern durch das BMFSFJ erklärt Ulle Schauws, Sprecherin für Frauenpolitik:","„Das Signal von Frauenministerin Lisa Paus, weitere Unterstützung in Höhe von 10 Mio. Euro für den Gewaltschutz für betroffene Frauen und ihre Kinder zur Verfügung zu stellen, ist ein gutes und richtiges Signal. Der Ausbau von Frauenhäusern und Schutzplätzen für Betroffene ist für die Verbesserung des Gewaltschutzes in Deutschland unabdingbar und ein zentraler Teil des Koalitionsvertrages. In der vergangenen Legislaturperiode gab es beim Bundesinvestitionsprogramm und insbesondere beim Mittelabfluss einige Schwierigkeiten, die vom BMFSFJ angegangen und in den letzten eineinhalb Jahren unter grüner Führung wesentlich verbessert wurden und jetzt mit den Mitteln weiter gestärkt werden.“","Ulle Schauws
Leiterin der AG Familie, Senior*innen, Frauen, Jugend und Queer (Sprecherin)"
"https://www.gruene-bundestag.de/presse/pressestatements/britta-hasselmann-zum-geg-haushalt-und-zur-pflegereform","Britta Haßelmann zum GEG, Haushalt und zur Pflegereform","23.05.2023","energie","Anlässlich der heutigen Fraktionssitzung der Grünen Bundestagsfraktion nachfolgend Statements der Fraktionsvorsitzenden Britta Haßelmann zu den Themen GEG, Haushalt und zur Pflegereform:

Guten Tag auch von meiner Seite. Meine Damen und Herren, zur anstehenden Sitzungswoche einige Punkte von mir.

GEG:
Das Gebäudeenergiegesetz wird diese Woche nicht im Parlament beraten. Das ist mehr als bedauerlich. Es hat für die Aufsetzung auf die Tagesordnung keine Verständigung mit der FDP gegeben. Damit kann der vereinbarte Zeitplan, den wir gemeinsam, SPD, FDP und Grüne, vereinbart haben, nicht eingehalten werden aufgrund dieser Entscheidung der FDP. Die Handlungsfähigkeit der Bundesregierung und auch die Arbeitsfähigkeit unserer Ampel nimmt damit Schaden, denn Vereinbarungen trifft man mit drei Partnerinnen und Partnern, um sich daran zu halten.

Mir und vielen von uns ist die FDP in der Vergangenheit sicher immer bekannt als ehrlicher Kaufmann. Das gilt jetzt offenbar für Christian Lindner nicht mehr, denn im Kabinett und mit dem Kanzler ist dieser Zeitplan für die Beratung des so wichtigen Gebäudeenergiegesetzes von ihm vereinbart worden. Und die Unzuverlässigkeit an dieser Stelle erstaunt schon. Ich weiß, dass nicht nur uns, Bündnis 90/Die Grünen, sondern auch der SPD und auch dem Bundeskanzler Olaf Scholz das Eintreten in das Gesetzgebungsverfahren besonders wichtig ist, denn wir wissen, der Bereich der Gebäudeenergie muss unbedingt seinen Beitrag zur Bewältigung der Klimakrise, zur CO2-Einsparung bringen. Es ist unsere Aufgabe, als Parlamentarier*innen Gesetzgebungsverfahren im Parlament durchzuführen und dort Gesetzentwürfe, die aus dem Kabinett kommen, auch zu beraten. Und deshalb ist es umso unverständlicher, dass wir jetzt zu diesem Zeitpunkt nicht einsteigen können in die erste Lesung dieses Gesetzentwurfes. Denn schließlich war auch schon eine Anhörung der Sachverständigen gemeinsam vereinbart, die wir natürlich zurate ziehen wollen im zuständigen Fachausschuss.

Diese Unzuverlässigkeit an der Stelle hat die FDP zu verantworten. Und ich erwarte, dass die FDP ihre Blockadehaltung jetzt beendet, denn wir haben uns gemeinsam in einem Arbeitsvorhaben auch auf viele weitere Projekte im letzten Koalitionsausschuss verständigt. Und deshalb bedauere ich, dass jetzt auch das aus unserer Sicht wichtige Planungsbeschleunigungsgesetz für den gesamten Verkehrsbereich nicht auf den Weg gebracht werden kann.

Also klar ist: Das Gesetzgebungsverfahren für das Gebäudeenergiegesetz muss in der nächsten Woche auf die Tagesordnung, damit Wirtschaft und Handwerk Planungssicherheit und Bürgerinnen und Bürger Verlässlichkeit der Ampel erleben, denn dieser Gesetzentwurf muss so schnell wie möglich beraten und dann auch in zweiter, dritter Lesung entschieden werden.

Haushalt:
Ein zweiter Punkt, wo es um die Handlungsfähigkeit des Parlamentes und der Bundesregierung insgesamt geht, ist der Haushalt. Es ist schon ein ziemlich einmaliger Vorgang, dass bis heute keine Eckpunkte für den Haushalt vorliegen. Christian Lindner als zuständiger Finanzminister hat diese Eckpunkte bis heute nicht vorgelegt. Alles, was wir bisher kennen, sind Ankündigungen über öffentliche Interviews oder Meinungsbeiträge, Gastbeiträge des Bundesfinanzministers. Auch das muss zurückgeholt werden ins Parlament. Ich bin froh, dass der Haushaltsausschuss in dieser Woche dem Finanzminister die Gelegenheit geben wird, über den Zeitplan der Beratung des Haushaltes und seine Vorstellungen im Haushaltsausschuss dem Parlament dann Rede und Antwort stehen zu können.

Wichtig für die Frage des Haushaltes wird es, Investitionen, den Zusammenhalt, den sozialen, und auch die Fragen der notwendigen ökologischen und sozialen Transformation heute im Hier und Jetzt und für die Zukunft finanzieren zu können. Und deshalb stehen wir vor der Aufgabe, nicht nur darüber nachzudenken, wie wir am besten einsparen können, sondern auch, wie wir einen Haushalt gestalten und vorlegen, der etwas ermöglicht: nämlich Investitionen in die Zukunft und den sozialen Zusammenhalt. Ich glaube, dass es hier eine ganze Reihe von Möglichkeiten gibt, wenn ich an die ökologisch schädlichen Subventionen denke. So haben wir es ja auch im Koalitionsvertrag vereinbart, dass wir uns die genau angucken wollen.

Pflegereform:
Und als Drittes möchte Sie auf ein Thema hinweisen, das für viele Bürgerinnen und Bürger sehr wichtig ist, nämlich die Frage: Wie wollen wir künftig die Pflege und die Unterstützung derjenigen, die auf Pflege angewiesen sind, eben der Betroffenen und auch der Angehörigen, stabilisieren und festigen?

Und hier sind wir zu einer Verständigung gekommen, jetzt das Pflegeunterstützungsgesetz im Bundestag beschließen zu können. Das ist ein wichtiges Signal für die Betroffenen, es ist ein wichtiges Signal für die Angehörigen und diejenigen, die in der Pflege arbeiten. Wir werden an der einen oder anderen Stelle, nämlich beim Entlastungsbudget, die Bedingungen verbessern. Wir werden im Hinblick auf die Arbeitsbedingungen Verbesserungen vorsehen. Und wir werden dem Thema Pflege im Quartier, also dort, wo Menschen leben und in ihrer eigenen Häuslichkeit sind, damit Rechnung tragen.

Das ist wichtig und gut. Und deshalb bin ich froh, dass das gelungen ist. Selbstverständlich bedeutet das nicht, dass wir mit der Debatte über die Pflege und die Zukunft der Pflege am Ende sind, denn die Frage der Finanzierung angesichts der demographischen Entwicklung wird uns in der Ampel und im Parlament insgesamt weiter fordern.","","Britta Haßelmann
Fraktionsvorsitzende"
"https://www.gruene-bundestag.de/presse/pressestatements/britta-hasselmann-zum-geg-haushalt-und-zur-pflegereform","Britta Haßelmann zum GEG, Haushalt und zur Pflegereform","23.05.2023","haushalt","Anlässlich der heutigen Fraktionssitzung der Grünen Bundestagsfraktion nachfolgend Statements der Fraktionsvorsitzenden Britta Haßelmann zu den Themen GEG, Haushalt und zur Pflegereform:

Guten Tag auch von meiner Seite. Meine Damen und Herren, zur anstehenden Sitzungswoche einige Punkte von mir.

GEG:
Das Gebäudeenergiegesetz wird diese Woche nicht im Parlament beraten. Das ist mehr als bedauerlich. Es hat für die Aufsetzung auf die Tagesordnung keine Verständigung mit der FDP gegeben. Damit kann der vereinbarte Zeitplan, den wir gemeinsam, SPD, FDP und Grüne, vereinbart haben, nicht eingehalten werden aufgrund dieser Entscheidung der FDP. Die Handlungsfähigkeit der Bundesregierung und auch die Arbeitsfähigkeit unserer Ampel nimmt damit Schaden, denn Vereinbarungen trifft man mit drei Partnerinnen und Partnern, um sich daran zu halten.

Mir und vielen von uns ist die FDP in der Vergangenheit sicher immer bekannt als ehrlicher Kaufmann. Das gilt jetzt offenbar für Christian Lindner nicht mehr, denn im Kabinett und mit dem Kanzler ist dieser Zeitplan für die Beratung des so wichtigen Gebäudeenergiegesetzes von ihm vereinbart worden. Und die Unzuverlässigkeit an dieser Stelle erstaunt schon. Ich weiß, dass nicht nur uns, Bündnis 90/Die Grünen, sondern auch der SPD und auch dem Bundeskanzler Olaf Scholz das Eintreten in das Gesetzgebungsverfahren besonders wichtig ist, denn wir wissen, der Bereich der Gebäudeenergie muss unbedingt seinen Beitrag zur Bewältigung der Klimakrise, zur CO2-Einsparung bringen. Es ist unsere Aufgabe, als Parlamentarier*innen Gesetzgebungsverfahren im Parlament durchzuführen und dort Gesetzentwürfe, die aus dem Kabinett kommen, auch zu beraten. Und deshalb ist es umso unverständlicher, dass wir jetzt zu diesem Zeitpunkt nicht einsteigen können in die erste Lesung dieses Gesetzentwurfes. Denn schließlich war auch schon eine Anhörung der Sachverständigen gemeinsam vereinbart, die wir natürlich zurate ziehen wollen im zuständigen Fachausschuss.

Diese Unzuverlässigkeit an der Stelle hat die FDP zu verantworten. Und ich erwarte, dass die FDP ihre Blockadehaltung jetzt beendet, denn wir haben uns gemeinsam in einem Arbeitsvorhaben auch auf viele weitere Projekte im letzten Koalitionsausschuss verständigt. Und deshalb bedauere ich, dass jetzt auch das aus unserer Sicht wichtige Planungsbeschleunigungsgesetz für den gesamten Verkehrsbereich nicht auf den Weg gebracht werden kann.

Also klar ist: Das Gesetzgebungsverfahren für das Gebäudeenergiegesetz muss in der nächsten Woche auf die Tagesordnung, damit Wirtschaft und Handwerk Planungssicherheit und Bürgerinnen und Bürger Verlässlichkeit der Ampel erleben, denn dieser Gesetzentwurf muss so schnell wie möglich beraten und dann auch in zweiter, dritter Lesung entschieden werden.

Haushalt:
Ein zweiter Punkt, wo es um die Handlungsfähigkeit des Parlamentes und der Bundesregierung insgesamt geht, ist der Haushalt. Es ist schon ein ziemlich einmaliger Vorgang, dass bis heute keine Eckpunkte für den Haushalt vorliegen. Christian Lindner als zuständiger Finanzminister hat diese Eckpunkte bis heute nicht vorgelegt. Alles, was wir bisher kennen, sind Ankündigungen über öffentliche Interviews oder Meinungsbeiträge, Gastbeiträge des Bundesfinanzministers. Auch das muss zurückgeholt werden ins Parlament. Ich bin froh, dass der Haushaltsausschuss in dieser Woche dem Finanzminister die Gelegenheit geben wird, über den Zeitplan der Beratung des Haushaltes und seine Vorstellungen im Haushaltsausschuss dem Parlament dann Rede und Antwort stehen zu können.

Wichtig für die Frage des Haushaltes wird es, Investitionen, den Zusammenhalt, den sozialen, und auch die Fragen der notwendigen ökologischen und sozialen Transformation heute im Hier und Jetzt und für die Zukunft finanzieren zu können. Und deshalb stehen wir vor der Aufgabe, nicht nur darüber nachzudenken, wie wir am besten einsparen können, sondern auch, wie wir einen Haushalt gestalten und vorlegen, der etwas ermöglicht: nämlich Investitionen in die Zukunft und den sozialen Zusammenhalt. Ich glaube, dass es hier eine ganze Reihe von Möglichkeiten gibt, wenn ich an die ökologisch schädlichen Subventionen denke. So haben wir es ja auch im Koalitionsvertrag vereinbart, dass wir uns die genau angucken wollen.

Pflegereform:
Und als Drittes möchte Sie auf ein Thema hinweisen, das für viele Bürgerinnen und Bürger sehr wichtig ist, nämlich die Frage: Wie wollen wir künftig die Pflege und die Unterstützung derjenigen, die auf Pflege angewiesen sind, eben der Betroffenen und auch der Angehörigen, stabilisieren und festigen?

Und hier sind wir zu einer Verständigung gekommen, jetzt das Pflegeunterstützungsgesetz im Bundestag beschließen zu können. Das ist ein wichtiges Signal für die Betroffenen, es ist ein wichtiges Signal für die Angehörigen und diejenigen, die in der Pflege arbeiten. Wir werden an der einen oder anderen Stelle, nämlich beim Entlastungsbudget, die Bedingungen verbessern. Wir werden im Hinblick auf die Arbeitsbedingungen Verbesserungen vorsehen. Und wir werden dem Thema Pflege im Quartier, also dort, wo Menschen leben und in ihrer eigenen Häuslichkeit sind, damit Rechnung tragen.

Das ist wichtig und gut. Und deshalb bin ich froh, dass das gelungen ist. Selbstverständlich bedeutet das nicht, dass wir mit der Debatte über die Pflege und die Zukunft der Pflege am Ende sind, denn die Frage der Finanzierung angesichts der demographischen Entwicklung wird uns in der Ampel und im Parlament insgesamt weiter fordern.","","Britta Haßelmann
Fraktionsvorsitzende"
"https://www.gruene-bundestag.de/presse/pressestatements/britta-hasselmann-zum-geg-haushalt-und-zur-pflegereform","Britta Haßelmann zum GEG, Haushalt und zur Pflegereform","23.05.2023","klimaschutz","Anlässlich der heutigen Fraktionssitzung der Grünen Bundestagsfraktion nachfolgend Statements der Fraktionsvorsitzenden Britta Haßelmann zu den Themen GEG, Haushalt und zur Pflegereform:

Guten Tag auch von meiner Seite. Meine Damen und Herren, zur anstehenden Sitzungswoche einige Punkte von mir.

GEG:
Das Gebäudeenergiegesetz wird diese Woche nicht im Parlament beraten. Das ist mehr als bedauerlich. Es hat für die Aufsetzung auf die Tagesordnung keine Verständigung mit der FDP gegeben. Damit kann der vereinbarte Zeitplan, den wir gemeinsam, SPD, FDP und Grüne, vereinbart haben, nicht eingehalten werden aufgrund dieser Entscheidung der FDP. Die Handlungsfähigkeit der Bundesregierung und auch die Arbeitsfähigkeit unserer Ampel nimmt damit Schaden, denn Vereinbarungen trifft man mit drei Partnerinnen und Partnern, um sich daran zu halten.

Mir und vielen von uns ist die FDP in der Vergangenheit sicher immer bekannt als ehrlicher Kaufmann. Das gilt jetzt offenbar für Christian Lindner nicht mehr, denn im Kabinett und mit dem Kanzler ist dieser Zeitplan für die Beratung des so wichtigen Gebäudeenergiegesetzes von ihm vereinbart worden. Und die Unzuverlässigkeit an dieser Stelle erstaunt schon. Ich weiß, dass nicht nur uns, Bündnis 90/Die Grünen, sondern auch der SPD und auch dem Bundeskanzler Olaf Scholz das Eintreten in das Gesetzgebungsverfahren besonders wichtig ist, denn wir wissen, der Bereich der Gebäudeenergie muss unbedingt seinen Beitrag zur Bewältigung der Klimakrise, zur CO2-Einsparung bringen. Es ist unsere Aufgabe, als Parlamentarier*innen Gesetzgebungsverfahren im Parlament durchzuführen und dort Gesetzentwürfe, die aus dem Kabinett kommen, auch zu beraten. Und deshalb ist es umso unverständlicher, dass wir jetzt zu diesem Zeitpunkt nicht einsteigen können in die erste Lesung dieses Gesetzentwurfes. Denn schließlich war auch schon eine Anhörung der Sachverständigen gemeinsam vereinbart, die wir natürlich zurate ziehen wollen im zuständigen Fachausschuss.

Diese Unzuverlässigkeit an der Stelle hat die FDP zu verantworten. Und ich erwarte, dass die FDP ihre Blockadehaltung jetzt beendet, denn wir haben uns gemeinsam in einem Arbeitsvorhaben auch auf viele weitere Projekte im letzten Koalitionsausschuss verständigt. Und deshalb bedauere ich, dass jetzt auch das aus unserer Sicht wichtige Planungsbeschleunigungsgesetz für den gesamten Verkehrsbereich nicht auf den Weg gebracht werden kann.

Also klar ist: Das Gesetzgebungsverfahren für das Gebäudeenergiegesetz muss in der nächsten Woche auf die Tagesordnung, damit Wirtschaft und Handwerk Planungssicherheit und Bürgerinnen und Bürger Verlässlichkeit der Ampel erleben, denn dieser Gesetzentwurf muss so schnell wie möglich beraten und dann auch in zweiter, dritter Lesung entschieden werden.

Haushalt:
Ein zweiter Punkt, wo es um die Handlungsfähigkeit des Parlamentes und der Bundesregierung insgesamt geht, ist der Haushalt. Es ist schon ein ziemlich einmaliger Vorgang, dass bis heute keine Eckpunkte für den Haushalt vorliegen. Christian Lindner als zuständiger Finanzminister hat diese Eckpunkte bis heute nicht vorgelegt. Alles, was wir bisher kennen, sind Ankündigungen über öffentliche Interviews oder Meinungsbeiträge, Gastbeiträge des Bundesfinanzministers. Auch das muss zurückgeholt werden ins Parlament. Ich bin froh, dass der Haushaltsausschuss in dieser Woche dem Finanzminister die Gelegenheit geben wird, über den Zeitplan der Beratung des Haushaltes und seine Vorstellungen im Haushaltsausschuss dem Parlament dann Rede und Antwort stehen zu können.

Wichtig für die Frage des Haushaltes wird es, Investitionen, den Zusammenhalt, den sozialen, und auch die Fragen der notwendigen ökologischen und sozialen Transformation heute im Hier und Jetzt und für die Zukunft finanzieren zu können. Und deshalb stehen wir vor der Aufgabe, nicht nur darüber nachzudenken, wie wir am besten einsparen können, sondern auch, wie wir einen Haushalt gestalten und vorlegen, der etwas ermöglicht: nämlich Investitionen in die Zukunft und den sozialen Zusammenhalt. Ich glaube, dass es hier eine ganze Reihe von Möglichkeiten gibt, wenn ich an die ökologisch schädlichen Subventionen denke. So haben wir es ja auch im Koalitionsvertrag vereinbart, dass wir uns die genau angucken wollen.

Pflegereform:
Und als Drittes möchte Sie auf ein Thema hinweisen, das für viele Bürgerinnen und Bürger sehr wichtig ist, nämlich die Frage: Wie wollen wir künftig die Pflege und die Unterstützung derjenigen, die auf Pflege angewiesen sind, eben der Betroffenen und auch der Angehörigen, stabilisieren und festigen?

Und hier sind wir zu einer Verständigung gekommen, jetzt das Pflegeunterstützungsgesetz im Bundestag beschließen zu können. Das ist ein wichtiges Signal für die Betroffenen, es ist ein wichtiges Signal für die Angehörigen und diejenigen, die in der Pflege arbeiten. Wir werden an der einen oder anderen Stelle, nämlich beim Entlastungsbudget, die Bedingungen verbessern. Wir werden im Hinblick auf die Arbeitsbedingungen Verbesserungen vorsehen. Und wir werden dem Thema Pflege im Quartier, also dort, wo Menschen leben und in ihrer eigenen Häuslichkeit sind, damit Rechnung tragen.

Das ist wichtig und gut. Und deshalb bin ich froh, dass das gelungen ist. Selbstverständlich bedeutet das nicht, dass wir mit der Debatte über die Pflege und die Zukunft der Pflege am Ende sind, denn die Frage der Finanzierung angesichts der demographischen Entwicklung wird uns in der Ampel und im Parlament insgesamt weiter fordern.","","Britta Haßelmann
Fraktionsvorsitzende"
"https://www.gruene-bundestag.de/presse/pressestatements/britta-hasselmann-zum-geg-haushalt-und-zur-pflegereform","Britta Haßelmann zum GEG, Haushalt und zur Pflegereform","23.05.2023","pflege","Anlässlich der heutigen Fraktionssitzung der Grünen Bundestagsfraktion nachfolgend Statements der Fraktionsvorsitzenden Britta Haßelmann zu den Themen GEG, Haushalt und zur Pflegereform:

Guten Tag auch von meiner Seite. Meine Damen und Herren, zur anstehenden Sitzungswoche einige Punkte von mir.

GEG:
Das Gebäudeenergiegesetz wird diese Woche nicht im Parlament beraten. Das ist mehr als bedauerlich. Es hat für die Aufsetzung auf die Tagesordnung keine Verständigung mit der FDP gegeben. Damit kann der vereinbarte Zeitplan, den wir gemeinsam, SPD, FDP und Grüne, vereinbart haben, nicht eingehalten werden aufgrund dieser Entscheidung der FDP. Die Handlungsfähigkeit der Bundesregierung und auch die Arbeitsfähigkeit unserer Ampel nimmt damit Schaden, denn Vereinbarungen trifft man mit drei Partnerinnen und Partnern, um sich daran zu halten.

Mir und vielen von uns ist die FDP in der Vergangenheit sicher immer bekannt als ehrlicher Kaufmann. Das gilt jetzt offenbar für Christian Lindner nicht mehr, denn im Kabinett und mit dem Kanzler ist dieser Zeitplan für die Beratung des so wichtigen Gebäudeenergiegesetzes von ihm vereinbart worden. Und die Unzuverlässigkeit an dieser Stelle erstaunt schon. Ich weiß, dass nicht nur uns, Bündnis 90/Die Grünen, sondern auch der SPD und auch dem Bundeskanzler Olaf Scholz das Eintreten in das Gesetzgebungsverfahren besonders wichtig ist, denn wir wissen, der Bereich der Gebäudeenergie muss unbedingt seinen Beitrag zur Bewältigung der Klimakrise, zur CO2-Einsparung bringen. Es ist unsere Aufgabe, als Parlamentarier*innen Gesetzgebungsverfahren im Parlament durchzuführen und dort Gesetzentwürfe, die aus dem Kabinett kommen, auch zu beraten. Und deshalb ist es umso unverständlicher, dass wir jetzt zu diesem Zeitpunkt nicht einsteigen können in die erste Lesung dieses Gesetzentwurfes. Denn schließlich war auch schon eine Anhörung der Sachverständigen gemeinsam vereinbart, die wir natürlich zurate ziehen wollen im zuständigen Fachausschuss.

Diese Unzuverlässigkeit an der Stelle hat die FDP zu verantworten. Und ich erwarte, dass die FDP ihre Blockadehaltung jetzt beendet, denn wir haben uns gemeinsam in einem Arbeitsvorhaben auch auf viele weitere Projekte im letzten Koalitionsausschuss verständigt. Und deshalb bedauere ich, dass jetzt auch das aus unserer Sicht wichtige Planungsbeschleunigungsgesetz für den gesamten Verkehrsbereich nicht auf den Weg gebracht werden kann.

Also klar ist: Das Gesetzgebungsverfahren für das Gebäudeenergiegesetz muss in der nächsten Woche auf die Tagesordnung, damit Wirtschaft und Handwerk Planungssicherheit und Bürgerinnen und Bürger Verlässlichkeit der Ampel erleben, denn dieser Gesetzentwurf muss so schnell wie möglich beraten und dann auch in zweiter, dritter Lesung entschieden werden.

Haushalt:
Ein zweiter Punkt, wo es um die Handlungsfähigkeit des Parlamentes und der Bundesregierung insgesamt geht, ist der Haushalt. Es ist schon ein ziemlich einmaliger Vorgang, dass bis heute keine Eckpunkte für den Haushalt vorliegen. Christian Lindner als zuständiger Finanzminister hat diese Eckpunkte bis heute nicht vorgelegt. Alles, was wir bisher kennen, sind Ankündigungen über öffentliche Interviews oder Meinungsbeiträge, Gastbeiträge des Bundesfinanzministers. Auch das muss zurückgeholt werden ins Parlament. Ich bin froh, dass der Haushaltsausschuss in dieser Woche dem Finanzminister die Gelegenheit geben wird, über den Zeitplan der Beratung des Haushaltes und seine Vorstellungen im Haushaltsausschuss dem Parlament dann Rede und Antwort stehen zu können.

Wichtig für die Frage des Haushaltes wird es, Investitionen, den Zusammenhalt, den sozialen, und auch die Fragen der notwendigen ökologischen und sozialen Transformation heute im Hier und Jetzt und für die Zukunft finanzieren zu können. Und deshalb stehen wir vor der Aufgabe, nicht nur darüber nachzudenken, wie wir am besten einsparen können, sondern auch, wie wir einen Haushalt gestalten und vorlegen, der etwas ermöglicht: nämlich Investitionen in die Zukunft und den sozialen Zusammenhalt. Ich glaube, dass es hier eine ganze Reihe von Möglichkeiten gibt, wenn ich an die ökologisch schädlichen Subventionen denke. So haben wir es ja auch im Koalitionsvertrag vereinbart, dass wir uns die genau angucken wollen.

Pflegereform:
Und als Drittes möchte Sie auf ein Thema hinweisen, das für viele Bürgerinnen und Bürger sehr wichtig ist, nämlich die Frage: Wie wollen wir künftig die Pflege und die Unterstützung derjenigen, die auf Pflege angewiesen sind, eben der Betroffenen und auch der Angehörigen, stabilisieren und festigen?

Und hier sind wir zu einer Verständigung gekommen, jetzt das Pflegeunterstützungsgesetz im Bundestag beschließen zu können. Das ist ein wichtiges Signal für die Betroffenen, es ist ein wichtiges Signal für die Angehörigen und diejenigen, die in der Pflege arbeiten. Wir werden an der einen oder anderen Stelle, nämlich beim Entlastungsbudget, die Bedingungen verbessern. Wir werden im Hinblick auf die Arbeitsbedingungen Verbesserungen vorsehen. Und wir werden dem Thema Pflege im Quartier, also dort, wo Menschen leben und in ihrer eigenen Häuslichkeit sind, damit Rechnung tragen.

Das ist wichtig und gut. Und deshalb bin ich froh, dass das gelungen ist. Selbstverständlich bedeutet das nicht, dass wir mit der Debatte über die Pflege und die Zukunft der Pflege am Ende sind, denn die Frage der Finanzierung angesichts der demographischen Entwicklung wird uns in der Ampel und im Parlament insgesamt weiter fordern.","","Britta Haßelmann
Fraktionsvorsitzende"
"https://www.gruene-bundestag.de/presse/pressestatements/maria-klein-schmeink-zum-pflegeunterstuetzungs-und-entlastungsgesetz-pueg","Maria Klein-Schmeink zum Pflegeunterstützungs- und -entlastungsgesetz (PUEG)","23.05.2023","pflege","Zur Einigung der Ampelfraktionen zum Pflegeunterstützungs- und -entlastungsgesetz (PUEG) erklärt Maria Klein-Schmeink, stellvertretende Fraktionsvorsitzende:","„Ein Großteil der pflegebedürftigen Menschen in Deutschland wird zu Hause durch Angehörige gepflegt. Es ist uns wichtig, diesen Einsatz wertzuschätzen, den Familien gute Bedingungen und mehr Unterstützung im Alltag zu bieten.Das Pflegeunterstützungs- und –entlastungsgesetz enthält dafür wichtige Bausteine. Wichtige Leistungen wie das Pflegegeld, aber auch Zuschüsse zum ambulanten Pflegedienst oder zu den Eigenanteilen im Pflegeheim werden in den nächsten Jahren endlich schrittweise angehoben.Im Zuge der parlamentarischen Beratungen konnten wir außerdem erreichen, dass mit dem Entlastungsbudget Pflegebedürftige ab dem 01.07.2025 Leistungen der Verhinderungspflege und Kurzzeitpflege flexibel kombinieren können und so auch die pflegenden Angehörigen Leistungen im Umfang von 3.539 Euro unbürokratisch nutzen können, damit sie eine Auszeit nehmen können und währenddessen die Pflege sichergestellt ist. Für Eltern von pflegebedürftigen Kindern mit Pflegegrad 4 oder 5 steht dieses Entlastungsbudget schon ab dem 01. Januar 2024 in Höhe von 3.386 Euro zur Verfügung und steigt bis zum Juli 2025 auch auf 3.539 Euro an.Außerdem werden die Modellvorhaben zur Förderung von Unterstützungsmaßnahmen für Pflege im Quartier wieder in das Gesetz aufgenommen, ebenso wie die Verlängerung der Fördermaßnahmen für bessere Arbeitsbedingungen in der Pflege, insbesondere für eine bessere Vereinbarkeit von Familie und Beruf. Das war uns wichtig, um mehr Unterstützungsmöglichkeiten vor Ort und für Pflegekräfte zu haben.Es ist völlig klar, dass diese Reform nicht alle Baustellen in der Pflege abdeckt. Im Koalitionsvertrag sind noch zahlreiche Maßnahmen zur Stabilisierung der Pflegeversicherung vereinbart, außerdem weitere Punkte wie die Stärkung der Kommunen in der Pflege. Dafür werden wir uns weiter stark machen.“","Maria Klein-Schmeink
Stellvertretende Fraktionsvorsitzende"
"https://www.gruene-bundestag.de/presse/pressestatements/denise-loop-zu-den-heute-veroeffentlichten-zahlen-von-kindlichen-gewaltopfern","Denise Loop zu den heute veröffentlichten Zahlen von kindlichen Gewaltopfern","23.05.2023","familie","Zu den heute veröffentlichten Zahlen von kindlichen Gewaltopfern erklärt Denise Loop, Obfrau im Ausschuss für Familie, Senior*innen, Frauen und Jugend:","„Wir alle müssen besser hinschauen und zuhören. Gewalt gegen Kinder findet häufig im engsten Umfeld statt. Wir brauchen mehr Aufklärung, auch im digitalen Raum, und ein hohes Problembewusstsein in der Bevölkerung. Die konstant hohen Zahlen von kindlichen Gewaltopfern bestätigen uns darin, den Kampf gegen sexualisierte Gewalt an Kindern durch die gesetzliche Verankerung der Unabhängigen Beauftragten für Fragen des sexuellen Kindesmissbrauchs strukturell zu stärken. Gleichzeitig brauchen wir verlässliche Zahlen, damit wir einen Überblick über das tatsächliche Ausmaß von sexualisierter Gewalt an Kindern bekommen. Ein Zentrum für Prävalenzforschung kann dies leisten.“","Denise Loop"
"https://www.gruene-bundestag.de/presse/pressestatements/hanna-steinmueller-zum-kabinettsbeschluss-des-wohngeld-und-mietenberichts-2021/2022","Hanna Steinmüller zum Kabinettsbeschluss des Wohngeld- und Mietenberichts 2021/2022","21.06.2023","bauen-wohnen-stadtentwicklung","Zum heutigen Kabinettsbeschluss des Wohngeld- und Mietenberichts 2021/2022 der Bundesregierung erklärt Hanna Steinmüller, Mitglied im Ausschuss für Wohnen, Stadtentwicklung, Bauwesen und Kommunen:","“Der aktuelle Wohngeld- und Mietenbericht belegt schwarz auf weiß, was Mieter*innen jeden Monat spüren: Wohnen wird immer teurer. Allein im letzten Jahr sind die Preise, zu denen Wohnungen angeboten werden, im Durchschnitt um vier Prozent gestiegen. Neubau-Wohnungen kosteten sogar acht Prozent mehr als im Vorjahr. Besonders krass ist aber der Anstieg der warmen Nebenkosten: Diese sind im vergangenen Jahr im Durchschnitt um mehr als 30 Prozent gestiegen! Es ist offensichtlich: die fossile Energiekrise durch den russischen Angriffskrieg gegen die Ukraine schlägt voll auf die Mieter*innen durch. Es ist deshalb gut und wichtig, dass wir durch die Wohngeldnovelle, die Heizkostenzuschüsse und die faire Aufteilung der CO2-Kosten im vergangenen Jahr für einige soziale Entlastungen sorgen konnten. Aber damit Wohnen nicht immer teurer wird, brauchen wir noch mehr: Wir müssen einerseits noch bezahlbare Wohnungen absichern, indem wir schnell das Mietrecht novellieren und das kommunale Vorkaufsrecht wieder nutzbar machen. Andererseits müssen wir endlich die Neue Wohngemeinnützigkeit einführen, damit neue, dauerhaft bezahlbare Wohnungen geschaffen werden können.”","Hanna Steinmüller"
"https://www.gruene-bundestag.de/presse/pressestatements/julia-verlinden-zum-heutigen-kabinettsbeschluss-zum-strassenverkehrsgesetz","Julia Verlinden zum heutigen Kabinettsbeschluss zum Straßenverkehrsgesetz","21.06.2023","kommunen","Zum heutigen Kabinettsbeschluss zum Straßenverkehrsgesetz erklärt Julia Verlinden, Stellvertretende Fraktionsvorsitzende:","„Der heutige Kabinettsbeschluss zur Reform des Straßenverkehrsgesetzes ist ein erster Schritt zu einer Kehrtwende im deutschen Verkehrsrecht. Erstmals werden Ziele des Klima- und Umweltschutzes, der Gesundheit und der städtebaulichen Entwicklung im Gesetz gleichrangig verankert.Besonders für Kinder, Familien und ältere Menschen wird dies die Verkehrssicherheit erhöhen, weil es vor Ort mehr Entscheidungsfreiheit und Handlungsspielraum gibt, beispielsweise Radwege, Zebrastreifen oder Tempo 30 einzurichten. Wir brechen damit erstmals mit dem Prinzip, dass es erst Tote und Schwerverletzte geben muss, bevor Sicherheitsmaßnahmen ergriffen werden können.Die Entscheider*innen vor Ort wissen am besten, wo sich Problemstellen befinden, deshalb ist es wichtig, dass wir ihnen jetzt diese neuen Freiheiten zum Schutz der Menschen einräumen.Wir werden in den parlamentarischen Beratungen darauf achten, die neuen Entscheidungsspielräume noch weiter zu stärken.“","Dr. Julia Verlinden
Stellvertretende Fraktionsvorsitzende"
"https://www.gruene-bundestag.de/presse/pressestatements/julia-verlinden-zum-heutigen-kabinettsbeschluss-zum-strassenverkehrsgesetz","Julia Verlinden zum heutigen Kabinettsbeschluss zum Straßenverkehrsgesetz","21.06.2023","mobilitaet","Zum heutigen Kabinettsbeschluss zum Straßenverkehrsgesetz erklärt Julia Verlinden, Stellvertretende Fraktionsvorsitzende:","„Der heutige Kabinettsbeschluss zur Reform des Straßenverkehrsgesetzes ist ein erster Schritt zu einer Kehrtwende im deutschen Verkehrsrecht. Erstmals werden Ziele des Klima- und Umweltschutzes, der Gesundheit und der städtebaulichen Entwicklung im Gesetz gleichrangig verankert.Besonders für Kinder, Familien und ältere Menschen wird dies die Verkehrssicherheit erhöhen, weil es vor Ort mehr Entscheidungsfreiheit und Handlungsspielraum gibt, beispielsweise Radwege, Zebrastreifen oder Tempo 30 einzurichten. Wir brechen damit erstmals mit dem Prinzip, dass es erst Tote und Schwerverletzte geben muss, bevor Sicherheitsmaßnahmen ergriffen werden können.Die Entscheider*innen vor Ort wissen am besten, wo sich Problemstellen befinden, deshalb ist es wichtig, dass wir ihnen jetzt diese neuen Freiheiten zum Schutz der Menschen einräumen.Wir werden in den parlamentarischen Beratungen darauf achten, die neuen Entscheidungsspielräume noch weiter zu stärken.“","Dr. Julia Verlinden
Stellvertretende Fraktionsvorsitzende"
"https://www.gruene-bundestag.de/presse/pressestatements/britta-hasselmann-zu-den-themen-fachkraefteeinwanderungsgesetz-gebaeudeenergiegesetz-und-sachorientierte-arbeit-im-bundestag","Britta Haßelmann zu den Themen Fachkräfteeinwanderungsgesetz, Gebäudeenergiegesetz und sachorientierte Arbeit im Bundestag","20.06.2023","arbeit","Anlässlich der heutigen Fraktionssitzung der Grünen Bundestagsfraktion nachfolgend Statements der Fraktionsvorsitzenden Britta Haßelmann zu den Themen Fachkräfteeinwanderungsgesetz, Gebäudeenergiegesetz und sachorientierte Arbeit im Bundestag:

Diese parlamentarische Woche ist prall gefüllt mit Initiativen, die wir uns als Ampel vorgenommen haben und in dieser Woche zum Abschluss bringen.

Fachkräfteeinwanderungsgesetz:
Wir alle wissen, dass in Deutschland überall Fachkräfte und Arbeitskräfte fehlen, dass wir dagegen etwas tun müssen. Und deshalb bin ich sehr froh, dass wir es schaffen, mit einem neuen Einwanderungsrecht dieser Entwicklung entgegenzuwirken. Wir schaffen endlich ein Einwanderungsrecht, das Deutschland und die Lebenswirklichkeit der Menschen hier im Land angemessen berücksichtigt. Wir werden etwas tun gegen den Arbeitskräftemangel, gegen den Fachkräftemangel, der allerorten spürbar ist, ob in der Pflege, im Handwerk, in Industrie oder Wirtschaft. Dafür gehen wir mit zwei Gesetzesvorhaben in dieser Woche in den Abschluss der Beratungen.

Bildung und Qualifizierung stärken wir mit einem Gesetz zur Weiterbildung und zur Ausbildungsgarantie. Das ist ein wichtiges Signal, dass wir die Frage des lebenslangen Lernens einerseits und die Qualifizierung während der Berufszeit unterstützen und stärken. Wir verbinden das mit einer Ausbildungsgarantie, denn wir sind der Auffassung, dass jeder junge Mensch die Chance und das Recht auf Ausbildung haben soll.

Und wir sichern mit dem Fachkräfteeinwanderungsgesetz eine neue Möglichkeit, dass Menschen, die zu uns kommen, hier arbeiten und ihren Status, ihren Aufenthalt sichern können.

Mit dem Fachkräfteeinwanderungsgesetz, das wir in zweiter, dritter Lesung in dieser Woche verabschieden, modernisieren wir das Einwanderungsrecht und sehen den Einstieg in den Spurwechsel vor. Wir haben darüber hinaus einen Bürokratieabbau durch die Veränderung beim Zweckwechsel. Und wir ermöglichen den Familienmitzug. Drei Dinge, die sehr wichtig sind für die Entscheidung von Menschen, nach Deutschland zu kommen um hier zu leben und zu arbeiten.

Deshalb freue ich mich, dass es der Ampel gelungen ist, dieses wichtige Projekt in dieser Woche auf den Weg zu bringen.

Gebäudeenergiegesetz:
Ein zweites für uns sehr relevantes Vorhaben: das Gebäudeenergiegesetz. Wir steigen ein in die parlamentarischen Beratungen. In den Anhörungen der Fachausschüsse werden die Berichterstatter*innen gemeinsam mit Fachleuten aus Wissenschaft und Praxis unsere Arbeit hier im Parlament öffentlich beraten. In den nächsten zwei Wochen werden wir mit ihnen über die Fragen des Gebäudeenergiegesetzes diskutieren. Denn wir wissen, die Klimakrise erfordert von uns Einsparungen auch im Bereich der Gebäude. Und deshalb ist das Gebäudeenergiegesetz von so großer Relevanz.

Damit werden Bürgerinnen und Bürger und Industrie und Wirtschaft genau wissen, was auf sie zukommt. Wir werden das Ganze sozial abfedern. Und wir sichern so die Unabhängigkeit von fossilen Energien, damit Bürgerinnen und Bürger, Industrie und Handwerk nicht in eine Kostenfalle geraten für die Zukunft.

Deshalb: Klimaschutz, soziale Abfederung und einen klaren Fahrplan für die Umsetzung des Gebäudeenergiegesetzes diskutieren wir in dieser Woche.

Sachorientierte Arbeit im Bundestag:
Angesichts der vielen Herausforderungen, die wir für die Zukunft haben - ob beim Einwanderungsrecht, bei der Pflegeversicherung, bei der Frage des Gebäudeenergiegesetzes, - ist es besonders wichtig, dass eine sachorientierte Auseinandersetzung stattfindet.

Das heißt, im Zusammenspiel zwischen Regierungsfraktionen und Opposition ist ein Diskurs über wichtige inhaltliche Ideen und Konzepte von großer Relevanz und Notwendigkeit. Was in dieser Debatte keinen Raum haben sollte, ist spaltender Populismus. Und ich glaube, dass die stärkste Oppositionsfraktion im Deutschen Bundestag mit Friedrich Merz an der Spitze sehr gut beraten wäre, sich auf eine sachorientierte Politik zu konzentrieren, statt auf spaltenden Populismus. Wir haben gerade wieder beim Grundsatzkonvent der CDU erlebt, dass man sich mit Fragen von Gender-Sprache – und andere Themen will ich gar nicht ansprechen, weil sie den Respekt vor Menschen vermissen lassen – beschäftigt, anstatt sich mit den wirklich zentralen gesellschaftlichen Auseinandersetzungen und Herausforderungen zu beschäftigen: der Bekämpfung der Klimakrise, der Frage der Energieversorgung der Zukunft, des Ausbaus der erneuerbaren Energien, der Frage der sozialen Sicherung oder aber auch zum Beispiel der Tierhaltungskennzeichnung, um Bauern und Bäuerinnen für die Zukunft Planungssicherheit für ihre landwirtschaftlichen Betriebe zu geben. Bei all diesen Fragen spüre ich, dass es der CDU/CSU im Moment nicht darum geht, sich sachorientiert auseinanderzusetzen und Alternativen zu unseren Ideen vorzutragen, sondern durch die Art und Weise, wie man Dinge bearbeitet und vorträgt, eher spaltet. Das halte ich für ein großes Problem.

Friedrich Merz ist angetreten, die AfD zu halbieren. Wenn man sieht, wie sich die Werte entwickeln, ist klar, dass ihm das nicht gelingt. Und selbstkritisch muss sich hier jede und jeder von uns fragen, was das mit der eigenen Verortung und mit der eigenen Art, Politik zu machen, zu tun hat. Deshalb glaube ich: Wer jedes Maß verliert in der Auseinandersetzung, verliert auch die Mitte. Und deshalb kann ich nur dazu auffordern, konstruktive sachorientierte Arbeit zu machen. Wir setzen uns an jeder Stelle gerne mit inhaltlichen Ideen und Konzepten auseinander. Die lassen leider CDU/CSU vermissen in der inhaltlichen Beratung vieler Gesetzesvorhaben.","","Britta Haßelmann
Fraktionsvorsitzende"
"https://www.gruene-bundestag.de/presse/pressestatements/britta-hasselmann-zu-den-themen-fachkraefteeinwanderungsgesetz-gebaeudeenergiegesetz-und-sachorientierte-arbeit-im-bundestag","Britta Haßelmann zu den Themen Fachkräfteeinwanderungsgesetz, Gebäudeenergiegesetz und sachorientierte Arbeit im Bundestag","20.06.2023","energie","Anlässlich der heutigen Fraktionssitzung der Grünen Bundestagsfraktion nachfolgend Statements der Fraktionsvorsitzenden Britta Haßelmann zu den Themen Fachkräfteeinwanderungsgesetz, Gebäudeenergiegesetz und sachorientierte Arbeit im Bundestag:

Diese parlamentarische Woche ist prall gefüllt mit Initiativen, die wir uns als Ampel vorgenommen haben und in dieser Woche zum Abschluss bringen.

Fachkräfteeinwanderungsgesetz:
Wir alle wissen, dass in Deutschland überall Fachkräfte und Arbeitskräfte fehlen, dass wir dagegen etwas tun müssen. Und deshalb bin ich sehr froh, dass wir es schaffen, mit einem neuen Einwanderungsrecht dieser Entwicklung entgegenzuwirken. Wir schaffen endlich ein Einwanderungsrecht, das Deutschland und die Lebenswirklichkeit der Menschen hier im Land angemessen berücksichtigt. Wir werden etwas tun gegen den Arbeitskräftemangel, gegen den Fachkräftemangel, der allerorten spürbar ist, ob in der Pflege, im Handwerk, in Industrie oder Wirtschaft. Dafür gehen wir mit zwei Gesetzesvorhaben in dieser Woche in den Abschluss der Beratungen.

Bildung und Qualifizierung stärken wir mit einem Gesetz zur Weiterbildung und zur Ausbildungsgarantie. Das ist ein wichtiges Signal, dass wir die Frage des lebenslangen Lernens einerseits und die Qualifizierung während der Berufszeit unterstützen und stärken. Wir verbinden das mit einer Ausbildungsgarantie, denn wir sind der Auffassung, dass jeder junge Mensch die Chance und das Recht auf Ausbildung haben soll.

Und wir sichern mit dem Fachkräfteeinwanderungsgesetz eine neue Möglichkeit, dass Menschen, die zu uns kommen, hier arbeiten und ihren Status, ihren Aufenthalt sichern können.

Mit dem Fachkräfteeinwanderungsgesetz, das wir in zweiter, dritter Lesung in dieser Woche verabschieden, modernisieren wir das Einwanderungsrecht und sehen den Einstieg in den Spurwechsel vor. Wir haben darüber hinaus einen Bürokratieabbau durch die Veränderung beim Zweckwechsel. Und wir ermöglichen den Familienmitzug. Drei Dinge, die sehr wichtig sind für die Entscheidung von Menschen, nach Deutschland zu kommen um hier zu leben und zu arbeiten.

Deshalb freue ich mich, dass es der Ampel gelungen ist, dieses wichtige Projekt in dieser Woche auf den Weg zu bringen.

Gebäudeenergiegesetz:
Ein zweites für uns sehr relevantes Vorhaben: das Gebäudeenergiegesetz. Wir steigen ein in die parlamentarischen Beratungen. In den Anhörungen der Fachausschüsse werden die Berichterstatter*innen gemeinsam mit Fachleuten aus Wissenschaft und Praxis unsere Arbeit hier im Parlament öffentlich beraten. In den nächsten zwei Wochen werden wir mit ihnen über die Fragen des Gebäudeenergiegesetzes diskutieren. Denn wir wissen, die Klimakrise erfordert von uns Einsparungen auch im Bereich der Gebäude. Und deshalb ist das Gebäudeenergiegesetz von so großer Relevanz.

Damit werden Bürgerinnen und Bürger und Industrie und Wirtschaft genau wissen, was auf sie zukommt. Wir werden das Ganze sozial abfedern. Und wir sichern so die Unabhängigkeit von fossilen Energien, damit Bürgerinnen und Bürger, Industrie und Handwerk nicht in eine Kostenfalle geraten für die Zukunft.

Deshalb: Klimaschutz, soziale Abfederung und einen klaren Fahrplan für die Umsetzung des Gebäudeenergiegesetzes diskutieren wir in dieser Woche.

Sachorientierte Arbeit im Bundestag:
Angesichts der vielen Herausforderungen, die wir für die Zukunft haben - ob beim Einwanderungsrecht, bei der Pflegeversicherung, bei der Frage des Gebäudeenergiegesetzes, - ist es besonders wichtig, dass eine sachorientierte Auseinandersetzung stattfindet.

Das heißt, im Zusammenspiel zwischen Regierungsfraktionen und Opposition ist ein Diskurs über wichtige inhaltliche Ideen und Konzepte von großer Relevanz und Notwendigkeit. Was in dieser Debatte keinen Raum haben sollte, ist spaltender Populismus. Und ich glaube, dass die stärkste Oppositionsfraktion im Deutschen Bundestag mit Friedrich Merz an der Spitze sehr gut beraten wäre, sich auf eine sachorientierte Politik zu konzentrieren, statt auf spaltenden Populismus. Wir haben gerade wieder beim Grundsatzkonvent der CDU erlebt, dass man sich mit Fragen von Gender-Sprache – und andere Themen will ich gar nicht ansprechen, weil sie den Respekt vor Menschen vermissen lassen – beschäftigt, anstatt sich mit den wirklich zentralen gesellschaftlichen Auseinandersetzungen und Herausforderungen zu beschäftigen: der Bekämpfung der Klimakrise, der Frage der Energieversorgung der Zukunft, des Ausbaus der erneuerbaren Energien, der Frage der sozialen Sicherung oder aber auch zum Beispiel der Tierhaltungskennzeichnung, um Bauern und Bäuerinnen für die Zukunft Planungssicherheit für ihre landwirtschaftlichen Betriebe zu geben. Bei all diesen Fragen spüre ich, dass es der CDU/CSU im Moment nicht darum geht, sich sachorientiert auseinanderzusetzen und Alternativen zu unseren Ideen vorzutragen, sondern durch die Art und Weise, wie man Dinge bearbeitet und vorträgt, eher spaltet. Das halte ich für ein großes Problem.

Friedrich Merz ist angetreten, die AfD zu halbieren. Wenn man sieht, wie sich die Werte entwickeln, ist klar, dass ihm das nicht gelingt. Und selbstkritisch muss sich hier jede und jeder von uns fragen, was das mit der eigenen Verortung und mit der eigenen Art, Politik zu machen, zu tun hat. Deshalb glaube ich: Wer jedes Maß verliert in der Auseinandersetzung, verliert auch die Mitte. Und deshalb kann ich nur dazu auffordern, konstruktive sachorientierte Arbeit zu machen. Wir setzen uns an jeder Stelle gerne mit inhaltlichen Ideen und Konzepten auseinander. Die lassen leider CDU/CSU vermissen in der inhaltlichen Beratung vieler Gesetzesvorhaben.","","Britta Haßelmann
Fraktionsvorsitzende"
"https://www.gruene-bundestag.de/presse/pressestatements/britta-hasselmann-zu-den-themen-fachkraefteeinwanderungsgesetz-gebaeudeenergiegesetz-und-sachorientierte-arbeit-im-bundestag","Britta Haßelmann zu den Themen Fachkräfteeinwanderungsgesetz, Gebäudeenergiegesetz und sachorientierte Arbeit im Bundestag","20.06.2023","integration-migration-flucht","Anlässlich der heutigen Fraktionssitzung der Grünen Bundestagsfraktion nachfolgend Statements der Fraktionsvorsitzenden Britta Haßelmann zu den Themen Fachkräfteeinwanderungsgesetz, Gebäudeenergiegesetz und sachorientierte Arbeit im Bundestag:

Diese parlamentarische Woche ist prall gefüllt mit Initiativen, die wir uns als Ampel vorgenommen haben und in dieser Woche zum Abschluss bringen.

Fachkräfteeinwanderungsgesetz:
Wir alle wissen, dass in Deutschland überall Fachkräfte und Arbeitskräfte fehlen, dass wir dagegen etwas tun müssen. Und deshalb bin ich sehr froh, dass wir es schaffen, mit einem neuen Einwanderungsrecht dieser Entwicklung entgegenzuwirken. Wir schaffen endlich ein Einwanderungsrecht, das Deutschland und die Lebenswirklichkeit der Menschen hier im Land angemessen berücksichtigt. Wir werden etwas tun gegen den Arbeitskräftemangel, gegen den Fachkräftemangel, der allerorten spürbar ist, ob in der Pflege, im Handwerk, in Industrie oder Wirtschaft. Dafür gehen wir mit zwei Gesetzesvorhaben in dieser Woche in den Abschluss der Beratungen.

Bildung und Qualifizierung stärken wir mit einem Gesetz zur Weiterbildung und zur Ausbildungsgarantie. Das ist ein wichtiges Signal, dass wir die Frage des lebenslangen Lernens einerseits und die Qualifizierung während der Berufszeit unterstützen und stärken. Wir verbinden das mit einer Ausbildungsgarantie, denn wir sind der Auffassung, dass jeder junge Mensch die Chance und das Recht auf Ausbildung haben soll.

Und wir sichern mit dem Fachkräfteeinwanderungsgesetz eine neue Möglichkeit, dass Menschen, die zu uns kommen, hier arbeiten und ihren Status, ihren Aufenthalt sichern können.

Mit dem Fachkräfteeinwanderungsgesetz, das wir in zweiter, dritter Lesung in dieser Woche verabschieden, modernisieren wir das Einwanderungsrecht und sehen den Einstieg in den Spurwechsel vor. Wir haben darüber hinaus einen Bürokratieabbau durch die Veränderung beim Zweckwechsel. Und wir ermöglichen den Familienmitzug. Drei Dinge, die sehr wichtig sind für die Entscheidung von Menschen, nach Deutschland zu kommen um hier zu leben und zu arbeiten.

Deshalb freue ich mich, dass es der Ampel gelungen ist, dieses wichtige Projekt in dieser Woche auf den Weg zu bringen.

Gebäudeenergiegesetz:
Ein zweites für uns sehr relevantes Vorhaben: das Gebäudeenergiegesetz. Wir steigen ein in die parlamentarischen Beratungen. In den Anhörungen der Fachausschüsse werden die Berichterstatter*innen gemeinsam mit Fachleuten aus Wissenschaft und Praxis unsere Arbeit hier im Parlament öffentlich beraten. In den nächsten zwei Wochen werden wir mit ihnen über die Fragen des Gebäudeenergiegesetzes diskutieren. Denn wir wissen, die Klimakrise erfordert von uns Einsparungen auch im Bereich der Gebäude. Und deshalb ist das Gebäudeenergiegesetz von so großer Relevanz.

Damit werden Bürgerinnen und Bürger und Industrie und Wirtschaft genau wissen, was auf sie zukommt. Wir werden das Ganze sozial abfedern. Und wir sichern so die Unabhängigkeit von fossilen Energien, damit Bürgerinnen und Bürger, Industrie und Handwerk nicht in eine Kostenfalle geraten für die Zukunft.

Deshalb: Klimaschutz, soziale Abfederung und einen klaren Fahrplan für die Umsetzung des Gebäudeenergiegesetzes diskutieren wir in dieser Woche.

Sachorientierte Arbeit im Bundestag:
Angesichts der vielen Herausforderungen, die wir für die Zukunft haben - ob beim Einwanderungsrecht, bei der Pflegeversicherung, bei der Frage des Gebäudeenergiegesetzes, - ist es besonders wichtig, dass eine sachorientierte Auseinandersetzung stattfindet.

Das heißt, im Zusammenspiel zwischen Regierungsfraktionen und Opposition ist ein Diskurs über wichtige inhaltliche Ideen und Konzepte von großer Relevanz und Notwendigkeit. Was in dieser Debatte keinen Raum haben sollte, ist spaltender Populismus. Und ich glaube, dass die stärkste Oppositionsfraktion im Deutschen Bundestag mit Friedrich Merz an der Spitze sehr gut beraten wäre, sich auf eine sachorientierte Politik zu konzentrieren, statt auf spaltenden Populismus. Wir haben gerade wieder beim Grundsatzkonvent der CDU erlebt, dass man sich mit Fragen von Gender-Sprache – und andere Themen will ich gar nicht ansprechen, weil sie den Respekt vor Menschen vermissen lassen – beschäftigt, anstatt sich mit den wirklich zentralen gesellschaftlichen Auseinandersetzungen und Herausforderungen zu beschäftigen: der Bekämpfung der Klimakrise, der Frage der Energieversorgung der Zukunft, des Ausbaus der erneuerbaren Energien, der Frage der sozialen Sicherung oder aber auch zum Beispiel der Tierhaltungskennzeichnung, um Bauern und Bäuerinnen für die Zukunft Planungssicherheit für ihre landwirtschaftlichen Betriebe zu geben. Bei all diesen Fragen spüre ich, dass es der CDU/CSU im Moment nicht darum geht, sich sachorientiert auseinanderzusetzen und Alternativen zu unseren Ideen vorzutragen, sondern durch die Art und Weise, wie man Dinge bearbeitet und vorträgt, eher spaltet. Das halte ich für ein großes Problem.

Friedrich Merz ist angetreten, die AfD zu halbieren. Wenn man sieht, wie sich die Werte entwickeln, ist klar, dass ihm das nicht gelingt. Und selbstkritisch muss sich hier jede und jeder von uns fragen, was das mit der eigenen Verortung und mit der eigenen Art, Politik zu machen, zu tun hat. Deshalb glaube ich: Wer jedes Maß verliert in der Auseinandersetzung, verliert auch die Mitte. Und deshalb kann ich nur dazu auffordern, konstruktive sachorientierte Arbeit zu machen. Wir setzen uns an jeder Stelle gerne mit inhaltlichen Ideen und Konzepten auseinander. Die lassen leider CDU/CSU vermissen in der inhaltlichen Beratung vieler Gesetzesvorhaben.","","Britta Haßelmann
Fraktionsvorsitzende"
